creator_id,creator_name,category,followers,videos_this_month,follower_growth_rate,avg_views_per_video,engagement_rate,reject_rate,tier
CR001,Nam Official 12,Ẩm thực,26467,40,-2.16%,8746,2.87%,13.61%,Tier 3
CR002,Nam Review 18,Giải trí,44523,23,14.28%,4758,6.43%,29.46%,Tier 3
CR003,Nam Tech 97,Ẩm thực,32307,50,14.26%,4251,7.50%,15.24%,Tier 3
CR004,Quỳnh Makeup 39,Giải trí,4900,30,10.47%,667,7.86%,10.78%,Mass
CR005,Hoàng Official 84,Giải trí,3216018,61,0.68%,513602,4.20%,57.43%,Tier 1
CR006,Linh Food 11,Ẩm thực,21221,52,14.44%,1920,3.71%,26.52%,Tier 3
CR007,Minh Studio 84,Ẩm thực,73740,34,-2.92%,21107,3.70%,6.97%,Tier 2
CR008,Bình Food 59,Công nghệ,46539,55,-2.49%,7090,4.23%,14.97%,Tier 3
CR009,Trang Channel 13,Công nghệ,27434,28,11.71%,4872,8.82%,8.93%,Tier 3
CR010,Nam Channel 70,Thời trang & Làm đẹp,41783,54,1.99%,7817,10.67%,1.85%,Tier 3
CR011,Tuấn Beauty 64,Công nghệ,48145,30,22.51%,9456,11.13%,7.68%,Tier 3
CR012,Minh Food 62,Giáo dục & Kiến thức,3449655,4,21.78%,514586,3.50%,16.42%,Tier 2
CR013,Quỳnh Tech 40,Du lịch & Đời sống,50378,71,8.47%,4907,1.59%,10.71%,Tier 2
CR014,Minh Makeup 61,Du lịch & Đời sống,41781,29,20.63%,4739,6.03%,20.38%,Tier 3
CR015,Bình Review 49,Giải trí,2041996,44,4.34%,665169,7.63%,53.96%,Tier 2
CR016,Linh Beauty 72,Ẩm thực,1878581,119,11.69%,350220,11.12%,52.52%,Tier 1
CR017,Lan Official 17,Du lịch & Đời sống,2114,31,20.08%,285,9.17%,4.45%,Mass
CR018,Nam Channel 35,Thời trang & Làm đẹp,24653,20,17.58%,2030,6.68%,13.16%,Tier 3
CR019,Quỳnh Studio 51,Giải trí,6652,2,-1.71%,933,10.96%,16.62%,Mass
CR020,Bình Tv 38,Thời trang & Làm đẹp,76229,53,1.78%,18956,6.64%,0.71%,Tier 2
CR021,Quỳnh Review 34,Giải trí,33442,18,13.86%,2983,4.92%,16.10%,Tier 3
CR022,Hoàng Official 92,Công nghệ,39984,30,0.77%,3605,6.37%,24.95%,Tier 3
CR023,Hoàng Tips 60,Giải trí,1404017,6,5.22%,460470,6.77%,26.23%,Tier 2
CR024,Linh Studio 51,Giáo dục & Kiến thức,93243,64,10.67%,32213,9.49%,3.55%,Tier 2
CR025,Hà Food 72,Giáo dục & Kiến thức,43673,39,6.08%,12433,4.10%,22.84%,Tier 3
CR026,Hoàng Tech 15,Ẩm thực,788637,51,3.16%,42789,5.14%,3.91%,Tier 1
CR027,Tuấn Tech 81,Giáo dục & Kiến thức,12556,42,12.74%,2765,9.58%,1.40%,Tier 3
CR028,Kiều Channel 90,Du lịch & Đời sống,84772,76,1.06%,21461,2.75%,0.31%,Tier 2
CR029,An Makeup 33,Công nghệ,1800497,103,4.24%,428034,3.40%,0.15%,Tier 1
CR030,Đức Tv 29,Công nghệ,1743650,113,6.55%,130648,4.10%,4.23%,Tier 1
CR031,Lan Food 55,Công nghệ,289165,4,13.95%,72987,8.30%,10.90%,Tier 2
CR032,Minh Studio 63,Giáo dục & Kiến thức,45834,30,-0.49%,13929,5.58%,3.07%,Tier 3
CR033,Kiên Review 51,Thời trang & Làm đẹp,2097011,35,3.74%,283592,7.87%,47.55%,Tier 2
CR034,Linh Review 37,Công nghệ,25294,44,17.91%,3680,3.57%,7.99%,Tier 3
CR035,Lan Beauty 78,Công nghệ,90624,78,15.42%,20804,1.73%,18.49%,Tier 2
CR036,Hà Studio 90,Giải trí,33409,47,16.20%,6296,4.12%,13.86%,Tier 3
CR037,Minh Vlog 48,Giáo dục & Kiến thức,1105266,74,17.99%,330753,2.94%,73.28%,Tier 1
CR038,Tuấn Food 68,Giáo dục & Kiến thức,958631,2,3.48%,252215,5.05%,5.12%,Tier 2
CR039,Kiên Studio 81,Thời trang & Làm đẹp,72840,80,4.17%,16700,10.07%,8.27%,Tier 2
CR040,Kiên Makeup 39,Công nghệ,3079,7,5.44%,1136,4.12%,27.36%,Mass
CR041,Kiều Official 58,Giải trí,48550,19,4.35%,7303,8.72%,27.30%,Tier 3
CR042,Linh Tips 75,Giải trí,29102,23,16.95%,9707,4.91%,2.35%,Tier 3
CR043,Tuấn Tech 53,Thời trang & Làm đẹp,35177,32,16.63%,4972,11.41%,6.06%,Tier 3
CR044,Linh Beauty 55,Giáo dục & Kiến thức,36599,43,0.31%,3724,10.84%,26.29%,Tier 3
CR045,Kiều Vlog 10,Ẩm thực,8360,26,-4.04%,1822,10.34%,10.79%,Mass
CR046,Hoàng Tech 51,Giải trí,37296,59,-3.24%,6355,8.59%,12.44%,Tier 3
CR047,Bình Vlog 44,Giáo dục & Kiến thức,15798,42,21.03%,4741,11.26%,8.43%,Tier 3
CR048,Lan Official 84,Giải trí,3277766,85,1.62%,209562,11.73%,32.10%,Tier 1
CR049,Minh Review 34,Thời trang & Làm đẹp,54663,38,5.50%,15413,9.87%,8.42%,Tier 2
CR050,Hà Food 39,Giải trí,2214444,67,0.87%,669416,10.19%,74.70%,Tier 1
CR051,Đức Makeup 45,Thời trang & Làm đẹp,45407,39,0.39%,2723,5.76%,14.72%,Tier 3
CR052,Bình Studio 55,Ẩm thực,48912,23,3.57%,9456,2.91%,4.60%,Tier 3
CR053,Hà Studio 68,Giải trí,12424,16,2.01%,2142,4.23%,20.15%,Tier 3
CR054,Đức Tech 45,Công nghệ,2705433,5,9.06%,428672,3.88%,17.57%,Tier 2
CR055,Kiên Makeup 43,Ẩm thực,203958,64,0.28%,30503,5.53%,9.42%,Tier 1
CR056,Nam Official 26,Thời trang & Làm đẹp,2931947,113,-0.91%,276399,5.44%,62.20%,Tier 1
CR057,Kiên Review 77,Giải trí,56760,62,5.43%,16794,5.05%,16.87%,Tier 2
CR058,Trang Makeup 67,Công nghệ,38561,44,16.78%,11120,3.09%,22.39%,Tier 3
CR059,An Tv 65,Công nghệ,15390,35,10.83%,5285,11.02%,14.51%,Tier 3
CR060,Minh Tv 51,Thời trang & Làm đẹp,14420,27,-4.60%,2588,11.72%,26.28%,Tier 3
CR061,Bình Channel 93,Du lịch & Đời sống,42676,40,-0.78%,7277,10.96%,18.43%,Tier 3
CR062,Tuấn Tv 41,Giải trí,65439,40,8.61%,5716,5.80%,17.37%,Tier 2
CR063,Bình Review 74,Giải trí,1414,22,-5.14%,200,7.41%,6.58%,Mass
CR064,An Channel 47,Giải trí,35529,39,14.77%,4290,6.28%,12.77%,Tier 3
CR065,Minh Studio 60,Công nghệ,10886,46,11.94%,3359,1.56%,11.49%,Tier 3
CR066,Tuấn Studio 22,Giải trí,13106,21,20.75%,2113,3.18%,18.69%,Tier 3
CR067,Quỳnh Studio 20,Giáo dục & Kiến thức,778138,88,21.90%,137709,10.73%,55.12%,Tier 1
CR068,An Food 18,Du lịch & Đời sống,16692,35,-1.30%,751,2.90%,18.31%,Tier 3
CR069,Kiều Official 96,Du lịch & Đời sống,32895,53,17.04%,1803,8.81%,9.27%,Tier 3
CR070,Linh Food 51,Ẩm thực,29636,54,13.52%,4303,7.32%,29.37%,Tier 3
CR071,Hà Beauty 16,Giáo dục & Kiến thức,11856,19,6.65%,2167,2.01%,8.75%,Tier 3
CR072,An Channel 58,Giáo dục & Kiến thức,91052,77,22.56%,13216,3.60%,19.41%,Tier 2
CR073,Minh Makeup 33,Ẩm thực,37009,55,18.80%,2096,6.14%,28.42%,Tier 3
CR074,Bình Tips 26,Thời trang & Làm đẹp,16156,47,13.71%,1752,8.79%,21.00%,Tier 3
CR075,Minh Official 12,Ẩm thực,1088784,64,-3.91%,215016,11.77%,45.01%,Tier 1
CR076,Tuấn Beauty 87,Du lịch & Đời sống,10297,33,-3.30%,2382,5.93%,11.87%,Tier 3
CR077,Kiều Tech 56,Ẩm thực,710826,113,14.25%,53023,10.37%,74.09%,Tier 1
CR078,Hoàng Food 34,Ẩm thực,19465,41,5.36%,1989,2.29%,26.65%,Tier 3
CR079,Linh Vlog 50,Công nghệ,49091,44,19.17%,3825,3.20%,6.77%,Tier 3
CR080,Kiều Beauty 96,Giáo dục & Kiến thức,30197,48,9.66%,2425,8.05%,19.95%,Tier 3
CR081,An Studio 89,Giáo dục & Kiến thức,2774713,72,-3.83%,206686,3.53%,79.02%,Tier 1
CR082,Linh Channel 54,Thời trang & Làm đẹp,38099,43,18.13%,8192,10.92%,15.19%,Tier 3
CR083,Đức Food 44,Ẩm thực,16590,49,-3.91%,2214,3.59%,3.81%,Tier 3
CR084,Trang Channel 17,Giáo dục & Kiến thức,7693,15,21.28%,200,9.25%,27.28%,Mass
CR085,Quỳnh Channel 96,Công nghệ,28831,28,1.70%,3997,3.65%,15.16%,Tier 3
CR086,Trang Tips 59,Giải trí,40978,18,9.08%,12564,3.27%,22.22%,Tier 3
CR087,Lan Channel 82,Công nghệ,21293,20,16.48%,4537,8.68%,2.94%,Tier 3
CR088,Hoàng Channel 30,Ẩm thực,12613,43,8.05%,2986,5.84%,7.92%,Tier 3
CR089,Linh Channel 25,Giải trí,2805,12,-1.56%,1261,10.85%,2.03%,Mass
CR090,Quỳnh Channel 10,Du lịch & Đời sống,90250,28,21.32%,10951,7.71%,1.33%,Tier 2
CR091,Hoàng Channel 20,Thời trang & Làm đẹp,32737,23,15.74%,4922,7.94%,25.61%,Tier 3
CR092,Trang Official 83,Giáo dục & Kiến thức,87884,80,22.00%,11976,9.65%,2.19%,Tier 2
CR093,Kiều Vlog 47,Thời trang & Làm đẹp,7691,12,4.68%,1111,5.05%,21.44%,Mass
CR094,Nam Beauty 14,Công nghệ,367406,21,8.14%,111660,5.68%,49.99%,Tier 2
CR095,Hà Makeup 25,Công nghệ,47499,55,12.54%,12773,7.93%,27.22%,Tier 3
CR096,Kiên Channel 41,Thời trang & Làm đẹp,86462,68,15.53%,26911,11.05%,4.91%,Tier 2
CR097,An Channel 84,Giải trí,10947,44,1.27%,1790,3.72%,2.63%,Tier 3
CR098,Đức Tips 37,Du lịch & Đời sống,2732269,8,22.42%,852108,1.83%,3.64%,Tier 2
CR099,Kiều Vlog 93,Giải trí,81311,65,16.94%,9740,5.81%,13.85%,Tier 2
CR100,Linh Studio 23,Giải trí,670207,15,-3.05%,48425,8.94%,25.52%,Tier 2
CR101,Minh Vlog 97,Giáo dục & Kiến thức,699399,66,5.68%,90056,10.98%,53.26%,Tier 1
CR102,Kiên Official 47,Giải trí,49152,41,10.02%,14573,6.71%,8.18%,Tier 3
CR103,Bình Food 87,Giải trí,1534672,63,17.11%,348021,2.02%,39.39%,Tier 1
CR104,Hà Makeup 78,Công nghệ,57164,30,1.76%,8684,8.68%,5.64%,Tier 2
CR105,Quỳnh Official 70,Du lịch & Đời sống,43030,45,-4.93%,12995,1.57%,6.33%,Tier 3
CR106,Trang Food 71,Thời trang & Làm đẹp,1883818,4,17.57%,138777,3.84%,20.93%,Tier 2
CR107,Hà Tv 91,Du lịch & Đời sống,5365,38,-4.67%,838,4.27%,29.30%,Mass
CR108,Quỳnh Makeup 77,Giáo dục & Kiến thức,86991,51,8.76%,24219,1.39%,11.78%,Tier 2
CR109,Kiều Tips 63,Thời trang & Làm đẹp,2358577,10,3.28%,380807,3.23%,9.62%,Tier 2
CR110,Quỳnh Tips 96,Giải trí,39977,51,-4.80%,11095,7.94%,12.47%,Tier 3
CR111,Minh Vlog 73,Giáo dục & Kiến thức,17853,42,6.43%,1478,8.77%,5.73%,Tier 3
CR112,Nam Makeup 10,Công nghệ,50717,44,-4.94%,12242,4.72%,2.96%,Tier 2
CR113,Đức Tv 86,Giáo dục & Kiến thức,1618568,41,14.63%,541655,7.40%,52.95%,Tier 2
CR114,Hà Food 45,Ẩm thực,31688,17,12.66%,6527,3.23%,23.38%,Tier 3
CR115,Hoàng Makeup 99,Giáo dục & Kiến thức,7748,54,11.93%,1477,8.40%,25.92%,Mass
CR116,Bình Makeup 39,Du lịch & Đời sống,38275,52,10.63%,5914,7.80%,12.04%,Tier 3
CR117,Tuấn Channel 14,Giáo dục & Kiến thức,26039,17,7.21%,8222,4.48%,18.02%,Tier 3
CR118,Minh Studio 64,Giáo dục & Kiến thức,61253,54,3.22%,19546,4.06%,11.55%,Tier 2
CR119,Nam Makeup 56,Ẩm thực,6204,31,17.17%,1647,10.72%,1.22%,Mass
CR120,Minh Studio 50,Giáo dục & Kiến thức,29792,52,18.19%,5952,6.20%,22.95%,Tier 3
CR121,Linh Beauty 18,Giải trí,1828009,90,1.68%,154219,4.76%,33.21%,Tier 1
CR122,Bình Vlog 43,Giải trí,168954,11,16.63%,25004,9.64%,14.21%,Tier 2
CR123,Nam Beauty 26,Du lịch & Đời sống,61912,31,0.37%,15679,5.33%,5.29%,Tier 2
CR124,Hoàng Makeup 66,Giải trí,809556,35,-5.07%,105002,8.41%,54.26%,Tier 2
CR125,Trang Tech 81,Ẩm thực,1191085,1,15.26%,327715,5.55%,23.89%,Tier 2
CR126,Quỳnh Studio 20,Du lịch & Đời sống,12446,49,15.95%,1447,1.37%,0.40%,Tier 3
CR127,Lan Beauty 80,Giáo dục & Kiến thức,29051,28,-0.41%,3048,11.46%,12.60%,Tier 3
CR128,Lan Tips 84,Công nghệ,39046,17,11.81%,7495,4.03%,22.65%,Tier 3
CR129,An Review 24,Thời trang & Làm đẹp,3797,32,2.82%,649,2.82%,21.85%,Mass
CR130,Hoàng Tips 18,Du lịch & Đời sống,63193,73,4.72%,13398,7.32%,18.49%,Tier 2
CR131,Đức Review 43,Giáo dục & Kiến thức,38370,23,15.27%,7274,2.34%,1.93%,Tier 3
CR132,Lan Tech 74,Công nghệ,23306,46,21.26%,3755,5.05%,16.40%,Tier 3
CR133,Minh Tv 90,Ẩm thực,40141,33,18.51%,14071,11.77%,29.72%,Tier 3
CR134,Trang Beauty 52,Thời trang & Làm đẹp,35798,44,21.88%,8730,5.04%,2.64%,Tier 3
CR135,Lan Channel 44,Du lịch & Đời sống,48927,23,-1.93%,16516,8.61%,8.02%,Tier 3
CR136,Hà Studio 34,Thời trang & Làm đẹp,28678,59,20.16%,2392,9.26%,16.50%,Tier 3
CR137,Lan Food 49,Công nghệ,3419,22,8.21%,375,5.85%,5.67%,Mass
CR138,Lan Food 57,Công nghệ,14901,34,-1.77%,1156,10.33%,0.58%,Tier 3
CR139,Lan Tips 55,Công nghệ,1711537,50,1.77%,292188,2.22%,57.37%,Tier 1
CR140,Nam Studio 79,Du lịch & Đời sống,3274852,56,21.71%,750391,2.19%,39.95%,Tier 1
CR141,Kiên Tech 41,Du lịch & Đời sống,84104,14,18.39%,20263,11.54%,7.92%,Tier 3
CR142,Kiên Tv 72,Công nghệ,31474,40,12.56%,6895,3.07%,13.86%,Tier 3
CR143,Tuấn Official 40,Giáo dục & Kiến thức,142432,7,12.68%,18219,10.74%,22.51%,Tier 2
CR144,An Tv 43,Giải trí,97122,33,5.29%,8957,7.43%,17.98%,Tier 2
CR145,Tuấn Tv 58,Ẩm thực,11817,25,14.22%,2983,8.80%,10.61%,Tier 3
CR146,Trang Tips 44,Ẩm thực,55457,60,10.16%,8513,7.13%,5.82%,Tier 2
CR147,Kiều Channel 33,Giáo dục & Kiến thức,50162,64,4.83%,6953,10.41%,0.09%,Tier 2
CR148,Đức Studio 14,Giải trí,38062,25,-5.16%,10864,6.77%,2.46%,Tier 3
CR149,An Tv 14,Công nghệ,95043,75,18.25%,28055,10.84%,14.25%,Tier 2
CR150,Bình Tv 37,Thời trang & Làm đẹp,2885773,64,20.94%,860390,7.15%,31.11%,Tier 1
CR151,Bình Official 19,Thời trang & Làm đẹp,65803,54,22.00%,9815,2.69%,17.90%,Tier 2
CR152,Đức Official 72,Giáo dục & Kiến thức,6268,3,19.45%,434,10.23%,15.85%,Mass
CR153,Lan Tips 43,Ẩm thực,94756,59,0.52%,27798,7.39%,3.35%,Tier 2
CR154,Linh Tech 74,Ẩm thực,13177,56,3.24%,2156,7.82%,5.42%,Tier 3
CR155,Kiên Studio 72,Du lịch & Đời sống,17933,30,22.36%,1144,8.91%,19.23%,Tier 3
CR156,Đức Official 34,Giáo dục & Kiến thức,46034,52,8.04%,2558,7.02%,20.12%,Tier 3
CR157,Nam Makeup 49,Thời trang & Làm đẹp,39410,17,20.08%,2409,7.28%,26.01%,Tier 3
CR158,An Beauty 35,Ẩm thực,3968,11,0.79%,354,3.72%,9.57%,Mass
CR159,Minh Tips 22,Ẩm thực,63299,65,0.14%,12687,5.38%,7.87%,Tier 2
CR160,Nam Tech 95,Công nghệ,47575,49,18.69%,6216,4.33%,1.03%,Tier 3
CR161,Tuấn Channel 88,Công nghệ,35184,24,14.23%,5203,4.15%,29.51%,Tier 3
CR162,Linh Vlog 58,Công nghệ,15154,51,14.22%,2495,3.12%,2.36%,Tier 3
CR163,Kiên Makeup 82,Du lịch & Đời sống,30617,54,19.74%,8693,4.35%,10.92%,Tier 3
CR164,Linh Beauty 61,Thời trang & Làm đẹp,3139661,98,7.43%,886385,8.31%,9.21%,Tier 1
CR165,Kiên Tips 94,Giáo dục & Kiến thức,40614,47,1.91%,5075,1.78%,29.65%,Tier 3
CR166,Quỳnh Tech 33,Thời trang & Làm đẹp,40978,60,7.25%,2510,2.98%,17.59%,Tier 3
CR167,Hà Makeup 62,Thời trang & Làm đẹp,54535,62,21.53%,5242,10.68%,12.72%,Tier 2
CR168,Tuấn Official 83,Du lịch & Đời sống,1843623,1,1.59%,466932,10.72%,14.20%,Tier 2
CR169,Nam Food 55,Giáo dục & Kiến thức,188542,19,12.65%,23322,4.72%,75.21%,Tier 2
CR170,Tuấn Review 34,Giải trí,44337,33,-4.49%,3424,7.24%,15.29%,Tier 3
CR171,Hoàng Tips 64,Thời trang & Làm đẹp,38096,57,4.45%,4925,4.27%,22.17%,Tier 3
CR172,Hoàng Tv 92,Giải trí,10778,60,14.17%,1974,5.96%,7.21%,Tier 3
CR173,Linh Studio 32,Du lịch & Đời sống,3041668,117,-1.63%,263197,4.52%,0.41%,Tier 1
CR174,Kiều Tv 40,Giáo dục & Kiến thức,78286,52,13.89%,13485,8.37%,14.78%,Tier 2
CR175,Kiều Official 36,Thời trang & Làm đẹp,1089720,2,20.50%,351486,7.54%,28.75%,Tier 2
CR176,Kiên Tips 84,Thời trang & Làm đẹp,12156,52,15.11%,4129,2.04%,28.98%,Tier 3
CR177,Bình Tv 51,Công nghệ,3083,8,11.39%,339,11.11%,26.30%,Mass
CR178,Kiên Vlog 22,Du lịch & Đời sống,10409,21,15.84%,2131,11.75%,1.69%,Tier 3
CR179,Đức Food 21,Ẩm thực,29400,57,9.91%,9162,7.78%,11.36%,Tier 3
CR180,Nam Makeup 35,Thời trang & Làm đẹp,49531,43,4.99%,5115,7.34%,22.44%,Tier 3
CR181,Kiên Makeup 17,Thời trang & Làm đẹp,3229329,67,21.82%,705729,4.11%,53.05%,Tier 1
CR182,Nam Official 77,Du lịch & Đời sống,1973296,107,18.21%,687682,7.72%,4.81%,Tier 1
CR183,Minh Tips 57,Thời trang & Làm đẹp,25420,50,9.08%,2385,10.79%,9.91%,Tier 3
CR184,Đức Official 72,Ẩm thực,48195,40,-0.69%,12123,1.52%,8.25%,Tier 3
CR185,Hoàng Beauty 86,Giáo dục & Kiến thức,16658,25,4.39%,2896,3.79%,13.39%,Tier 3
CR186,Nam Makeup 43,Ẩm thực,28365,60,20.54%,3914,2.51%,7.76%,Tier 3
CR187,Đức Vlog 50,Du lịch & Đời sống,1938248,2,11.75%,590151,6.98%,3.43%,Tier 2
CR188,Kiều Food 61,Thời trang & Làm đẹp,935092,5,17.71%,138948,2.35%,10.62%,Tier 2
CR189,An Tv 10,Giáo dục & Kiến thức,45621,43,-3.12%,13539,11.77%,6.50%,Tier 3
CR190,Minh Channel 71,Du lịch & Đời sống,39020,49,-4.27%,8306,6.95%,19.53%,Tier 3
CR191,Linh Channel 71,Giáo dục & Kiến thức,82711,38,-4.69%,10556,3.83%,10.70%,Tier 2
CR192,Trang Tv 83,Giáo dục & Kiến thức,10569,53,10.88%,2341,10.28%,26.55%,Tier 3
CR193,An Makeup 36,Công nghệ,23281,24,9.54%,4255,8.09%,24.21%,Tier 3
CR194,Hoàng Tv 20,Ẩm thực,23607,23,2.71%,4471,6.39%,13.50%,Tier 3
CR195,Quỳnh Official 92,Giáo dục & Kiến thức,46253,46,-1.46%,14473,4.98%,10.26%,Tier 3
CR196,Quỳnh Vlog 17,Ẩm thực,39736,56,4.84%,6963,1.81%,7.26%,Tier 3
CR197,Hoàng Tv 90,Du lịch & Đời sống,71388,78,-5.02%,13496,11.86%,17.59%,Tier 2
CR198,Quỳnh Review 52,Công nghệ,42994,38,22.19%,13147,6.57%,18.67%,Tier 3
CR199,Kiều Studio 41,Thời trang & Làm đẹp,60606,39,17.35%,9152,11.53%,18.37%,Tier 2
CR200,Linh Makeup 23,Ẩm thực,67447,51,3.24%,20884,2.67%,3.01%,Tier 2
CR201,Nam Tips 98,Giải trí,593144,1,-2.80%,115733,9.19%,11.19%,Tier 2
CR202,Bình Vlog 86,Ẩm thực,87581,51,18.83%,9279,9.81%,8.99%,Tier 2
CR203,Bình Tech 47,Công nghệ,21367,44,7.82%,4039,10.92%,21.98%,Tier 3
CR204,Linh Review 18,Giáo dục & Kiến thức,42580,48,-4.67%,6001,6.17%,11.84%,Tier 3
CR205,Kiên Food 68,Giáo dục & Kiến thức,20490,46,0.29%,4891,5.74%,20.18%,Tier 3
CR206,Minh Studio 12,Ẩm thực,31699,18,14.17%,6985,9.17%,18.00%,Tier 3
CR207,Lan Studio 16,Giáo dục & Kiến thức,48990,30,8.34%,3171,1.51%,18.74%,Tier 3
CR208,Tuấn Studio 37,Thời trang & Làm đẹp,28317,49,22.21%,2369,2.71%,6.02%,Tier 3
CR209,Trang Makeup 38,Giáo dục & Kiến thức,49899,47,8.01%,6625,6.26%,7.45%,Tier 3
CR210,Lan Food 38,Công nghệ,31696,42,19.05%,10786,7.68%,0.55%,Tier 3
CR211,Linh Beauty 79,Giáo dục & Kiến thức,85921,53,5.38%,13817,2.98%,2.12%,Tier 2
CR212,Đức Vlog 40,Du lịch & Đời sống,11530,46,9.83%,2591,10.89%,25.21%,Tier 3
CR213,Bình Tech 81,Du lịch & Đời sống,42445,53,9.98%,10413,6.63%,7.86%,Tier 3
CR214,Hoàng Studio 22,Giải trí,45029,37,22.30%,14932,11.39%,2.24%,Tier 3
CR215,Hà Studio 77,Giải trí,21104,24,8.91%,4024,8.52%,8.58%,Tier 3
CR216,Kiên Beauty 92,Du lịch & Đời sống,22734,24,11.77%,2517,10.43%,6.95%,Tier 3
CR217,An Channel 54,Giáo dục & Kiến thức,27264,24,6.13%,6571,3.77%,26.83%,Tier 3
CR218,Lan Tech 59,Giáo dục & Kiến thức,77172,59,16.53%,6470,7.48%,16.33%,Tier 2
CR219,Kiều Beauty 19,Giáo dục & Kiến thức,91805,47,17.10%,13665,8.46%,16.58%,Tier 2
CR220,Đức Makeup 47,Du lịch & Đời sống,68616,73,3.32%,15215,6.48%,17.80%,Tier 2
CR221,Lan Studio 11,Giải trí,75015,47,12.52%,4342,4.39%,8.83%,Tier 2
CR222,Trang Food 55,Công nghệ,283786,11,13.95%,22783,1.81%,11.56%,Tier 2
CR223,Hà Food 80,Thời trang & Làm đẹp,11982,60,15.46%,973,10.43%,17.81%,Tier 3
CR224,Kiều Food 85,Du lịch & Đời sống,2357404,62,-3.46%,307414,2.53%,3.38%,Tier 1
CR225,Kiên Tv 55,Giáo dục & Kiến thức,62869,44,5.48%,9792,2.64%,5.20%,Tier 2
CR226,Quỳnh Channel 66,Ẩm thực,35077,16,5.90%,12518,2.61%,11.55%,Tier 3
CR227,Trang Studio 34,Thời trang & Làm đẹp,91723,102,1.83%,17397,7.99%,42.33%,Tier 2
CR228,Quỳnh Tips 81,Giáo dục & Kiến thức,2589168,96,8.01%,469144,6.13%,0.09%,Tier 1
CR229,Đức Beauty 84,Thời trang & Làm đẹp,66905,28,7.64%,15356,5.00%,12.86%,Tier 2
CR230,Kiên Vlog 77,Giáo dục & Kiến thức,15656,54,-3.38%,701,6.95%,25.10%,Tier 3
CR231,An Vlog 96,Du lịch & Đời sống,28801,51,17.65%,5477,3.84%,28.94%,Tier 3
CR232,Kiên Official 92,Công nghệ,5900,24,22.50%,1458,9.50%,8.79%,Mass
CR233,Trang Review 38,Ẩm thực,919202,95,11.12%,66221,5.91%,5.83%,Tier 1
CR234,Hà Tips 40,Ẩm thực,1772453,89,9.29%,233654,5.78%,3.40%,Tier 1
CR235,Tuấn Tips 54,Thời trang & Làm đẹp,28762,17,4.39%,4239,5.52%,9.35%,Tier 3
CR236,Trang Beauty 55,Giáo dục & Kiến thức,799205,7,-2.86%,134885,1.95%,14.36%,Tier 2
CR237,Nam Tv 37,Du lịch & Đời sống,18759,52,12.88%,1560,9.39%,19.62%,Tier 3
CR238,An Tv 56,Công nghệ,66226,57,11.44%,18975,3.11%,10.06%,Tier 2
CR239,Đức Review 44,Giải trí,911406,90,22.65%,134029,7.76%,33.61%,Tier 1
CR240,Nam Vlog 15,Thời trang & Làm đẹp,13445,29,0.80%,2498,9.14%,5.80%,Tier 3
CR241,Quỳnh Channel 20,Công nghệ,46853,55,11.36%,9802,10.08%,20.44%,Tier 3
CR242,Bình Food 20,Thời trang & Làm đẹp,2376452,83,-0.24%,668790,4.47%,8.99%,Tier 1
CR243,Trang Official 93,Du lịch & Đời sống,37191,59,10.54%,9881,3.86%,2.75%,Tier 3
CR244,Đức Tips 80,Giải trí,37566,47,3.70%,10872,1.91%,3.85%,Tier 3
CR245,Hoàng Food 99,Giáo dục & Kiến thức,2307943,95,3.20%,433409,4.32%,4.37%,Tier 1
CR246,An Tv 69,Giải trí,2717,42,3.90%,507,6.66%,15.79%,Mass
CR247,Linh Tips 64,Giáo dục & Kiến thức,38228,52,-4.13%,8606,2.24%,16.93%,Tier 3
CR248,Đức Studio 13,Thời trang & Làm đẹp,2821577,116,-3.20%,677986,7.85%,9.81%,Tier 1
CR249,Trang Official 53,Thời trang & Làm đẹp,20689,56,-1.22%,5355,8.19%,22.38%,Tier 3
CR250,An Makeup 18,Giáo dục & Kiến thức,43233,29,22.54%,6121,3.05%,13.78%,Tier 3
CR251,Hà Studio 60,Thời trang & Làm đẹp,668603,85,-4.00%,223624,5.62%,4.39%,Tier 1
CR252,An Studio 59,Ẩm thực,13182,53,13.84%,1498,7.70%,23.19%,Tier 3
CR253,Nam Tech 59,Công nghệ,26275,37,8.01%,4800,9.91%,23.77%,Tier 3
CR254,Trang Vlog 46,Du lịch & Đời sống,32622,49,12.14%,5841,1.72%,16.31%,Tier 3
CR255,Kiều Tv 73,Ẩm thực,95617,72,-1.49%,12290,8.43%,3.49%,Tier 2
CR256,Kiều Food 42,Giáo dục & Kiến thức,49077,17,20.26%,12219,6.83%,21.73%,Tier 3
CR257,Kiên Makeup 87,Giải trí,72513,71,19.58%,22660,6.76%,12.60%,Tier 2
CR258,An Food 56,Giải trí,29983,16,17.59%,5565,2.86%,19.29%,Tier 3
CR259,Bình Studio 64,Thời trang & Làm đẹp,3180573,12,1.56%,598330,3.91%,21.25%,Tier 2
CR260,Tuấn Tv 49,Du lịch & Đời sống,30913,51,4.12%,2262,2.77%,2.97%,Tier 3
CR261,Nam Official 95,Công nghệ,45790,60,20.88%,12818,2.39%,29.01%,Tier 3
CR262,Linh Tech 96,Công nghệ,920034,9,12.77%,270936,1.31%,14.62%,Tier 2
CR263,Trang Makeup 81,Thời trang & Làm đẹp,11696,47,13.92%,2782,8.11%,0.93%,Tier 3
CR264,Tuấn Makeup 22,Giải trí,46465,51,5.09%,13384,5.49%,18.78%,Tier 3
CR265,Trang Food 62,Công nghệ,10042,22,21.44%,2982,9.73%,8.05%,Tier 3
CR266,An Channel 89,Du lịch & Đời sống,2286316,5,11.16%,138395,10.45%,21.29%,Tier 2
CR267,Đức Channel 94,Du lịch & Đời sống,2489389,74,20.70%,693558,4.60%,34.32%,Tier 1
CR268,Trang Tv 59,Giáo dục & Kiến thức,39371,55,18.68%,9382,8.93%,28.69%,Tier 3
CR269,Kiều Vlog 21,Du lịch & Đời sống,64116,48,6.19%,14275,5.84%,1.37%,Tier 2
CR270,Kiên Vlog 41,Giải trí,28947,24,9.67%,7426,5.57%,11.98%,Tier 3
CR271,Quỳnh Official 21,Du lịch & Đời sống,2464125,11,-2.23%,299941,10.55%,20.50%,Tier 2
CR272,An Tech 71,Giải trí,9166,10,-3.10%,3013,5.48%,25.39%,Mass
CR273,Tuấn Review 58,Ẩm thực,793793,82,5.80%,265512,8.70%,70.05%,Tier 1
CR274,Hoàng Studio 83,Thời trang & Làm đẹp,52712,31,21.94%,7393,5.75%,5.26%,Tier 2
CR275,Minh Vlog 59,Thời trang & Làm đẹp,73710,28,4.64%,23618,11.01%,10.79%,Tier 2
CR276,Hoàng Review 62,Du lịch & Đời sống,40589,32,2.99%,9973,4.36%,8.19%,Tier 3
CR277,Hà Tech 84,Giải trí,5566,12,-3.16%,681,4.63%,0.33%,Mass
CR278,Quỳnh Makeup 41,Du lịch & Đời sống,40349,60,15.95%,10365,5.39%,5.50%,Tier 3
CR279,Tuấn Official 34,Công nghệ,31896,41,22.22%,5393,8.15%,2.32%,Tier 3
CR280,Trang Official 30,Giải trí,75081,37,2.95%,17403,8.78%,6.35%,Tier 2
CR281,Linh Tv 71,Giáo dục & Kiến thức,58710,46,16.49%,16087,5.03%,5.13%,Tier 2
CR282,Lan Tv 95,Ẩm thực,23813,44,3.35%,6932,8.44%,21.57%,Tier 3
CR283,Đức Food 38,Công nghệ,35464,31,11.43%,2031,2.13%,9.98%,Tier 3
CR284,Quỳnh Channel 85,Công nghệ,12796,58,10.80%,2546,7.27%,22.98%,Tier 3
CR285,Minh Food 93,Công nghệ,42134,54,20.45%,13717,2.44%,15.78%,Tier 3
CR286,Hoàng Tech 29,Thời trang & Làm đẹp,2530556,80,16.90%,512654,9.46%,43.06%,Tier 1
CR287,Bình Food 21,Công nghệ,21483,37,20.75%,7219,4.72%,2.80%,Tier 3
CR288,Kiều Tech 85,Du lịch & Đời sống,43268,53,0.65%,14000,2.38%,16.78%,Tier 3
CR289,Nam Vlog 41,Giải trí,807156,119,20.18%,138826,2.02%,65.69%,Tier 1
CR290,Đức Channel 84,Thời trang & Làm đẹp,25681,18,-2.34%,2798,9.00%,6.66%,Tier 3
CR291,Hà Beauty 73,Thời trang & Làm đẹp,8215,34,-4.27%,2575,10.33%,1.83%,Mass
CR292,Nam Official 24,Công nghệ,60798,47,20.93%,15254,8.44%,8.02%,Tier 2
CR293,Linh Tips 94,Thời trang & Làm đẹp,8614,6,7.58%,2192,7.27%,11.27%,Mass
CR294,Kiều Channel 99,Ẩm thực,45234,52,7.76%,3159,1.68%,22.78%,Tier 3
CR295,Kiều Beauty 15,Giải trí,97332,75,0.96%,26716,9.33%,3.89%,Tier 2
CR296,Quỳnh Beauty 20,Giải trí,11499,19,16.70%,2615,8.48%,22.83%,Tier 3
CR297,Nam Tech 84,Thời trang & Làm đẹp,11370,51,2.91%,3280,3.71%,25.25%,Tier 3
CR298,Kiều Channel 97,Du lịch & Đời sống,7830,30,22.27%,2774,8.25%,1.02%,Mass
CR299,Quỳnh Vlog 57,Giải trí,29022,18,17.34%,7508,11.25%,27.46%,Tier 3
CR300,Đức Official 21,Ẩm thực,76039,58,-3.15%,6614,9.49%,8.89%,Tier 2
CR301,An Studio 35,Giải trí,1115562,40,12.05%,376529,9.20%,46.61%,Tier 2
CR302,Kiều Tv 92,Du lịch & Đời sống,3817,26,17.06%,1682,5.18%,18.32%,Mass
CR303,Hoàng Official 11,Công nghệ,46373,44,9.43%,13177,3.96%,19.09%,Tier 3
CR304,Lan Studio 81,Du lịch & Đời sống,45084,33,13.02%,5410,3.67%,5.73%,Tier 3
CR305,Lan Tips 76,Thời trang & Làm đẹp,16547,46,18.23%,2452,9.74%,5.55%,Tier 3
CR306,Tuấn Studio 28,Công nghệ,84497,43,19.57%,9609,8.44%,15.60%,Tier 2
CR307,Linh Food 61,Thời trang & Làm đẹp,46697,59,15.34%,6194,3.82%,20.02%,Tier 3
CR308,Linh Tv 18,Du lịch & Đời sống,38468,31,18.12%,3012,4.02%,4.60%,Tier 3
CR309,Linh Beauty 18,Du lịch & Đời sống,1333279,111,15.35%,309016,10.04%,6.74%,Tier 1
CR310,Bình Studio 84,Ẩm thực,2252639,43,-4.82%,497495,3.20%,76.18%,Tier 2
CR311,Linh Makeup 84,Công nghệ,73640,60,10.44%,15387,7.95%,14.37%,Tier 2
CR312,Kiên Tips 87,Thời trang & Làm đẹp,40993,49,10.38%,3650,9.22%,15.36%,Tier 3
CR313,Linh Food 92,Du lịch & Đời sống,3392038,92,0.51%,998811,9.28%,7.84%,Tier 1
CR314,Quỳnh Tv 72,Công nghệ,40236,25,13.92%,4974,4.01%,21.12%,Tier 3
CR315,Linh Food 93,Ẩm thực,2476235,84,20.25%,147284,10.63%,54.35%,Tier 1
CR316,Minh Review 28,Giải trí,2371901,90,11.61%,665694,1.33%,8.42%,Tier 1
CR317,Nam Review 45,Giáo dục & Kiến thức,13733,39,4.50%,4182,7.22%,6.48%,Tier 3
CR318,Lan Studio 71,Du lịch & Đời sống,2213105,56,20.97%,521568,9.44%,9.58%,Tier 1
CR319,An Tech 69,Giáo dục & Kiến thức,30828,39,2.56%,4890,8.12%,5.21%,Tier 3
CR320,Bình Makeup 14,Ẩm thực,84497,55,18.94%,5503,8.74%,14.82%,Tier 2
CR321,Đức Studio 54,Thời trang & Làm đẹp,27290,38,7.72%,9678,9.22%,29.38%,Tier 3
CR322,Kiều Tv 88,Giáo dục & Kiến thức,3112922,106,22.10%,389202,8.73%,78.12%,Tier 1
CR323,An Food 47,Du lịch & Đời sống,17327,52,20.82%,4149,10.09%,16.11%,Tier 3
CR324,Minh Food 49,Giải trí,43617,30,22.24%,13503,8.24%,26.73%,Tier 3
CR325,Đức Food 76,Giáo dục & Kiến thức,14231,35,7.95%,1615,6.00%,22.69%,Tier 3
CR326,Tuấn Food 83,Du lịch & Đời sống,119908,13,5.78%,26772,4.53%,6.12%,Tier 2
CR327,Đức Tech 21,Thời trang & Làm đẹp,1035223,9,18.47%,298323,10.08%,29.30%,Tier 2
CR328,Kiên Review 91,Du lịch & Đời sống,11737,40,20.43%,961,8.24%,6.33%,Tier 3
CR329,Tuấn Vlog 83,Giải trí,1186808,11,-1.90%,243212,5.12%,12.02%,Tier 2
CR330,Minh Review 51,Công nghệ,15794,54,11.42%,2998,2.76%,6.95%,Tier 3
CR331,Linh Tips 92,Công nghệ,35518,39,11.63%,6963,5.59%,16.10%,Tier 3
CR332,Bình Tips 20,Ẩm thực,7479,49,18.51%,662,8.43%,28.93%,Mass
CR333,Hoàng Makeup 52,Du lịch & Đời sống,10947,35,14.13%,2741,8.24%,5.06%,Tier 3
CR334,Hà Beauty 97,Thời trang & Làm đẹp,74842,34,5.26%,25359,4.14%,1.82%,Tier 2
CR335,Kiều Beauty 95,Ẩm thực,28329,33,17.19%,9499,2.87%,20.30%,Tier 3
CR336,Bình Makeup 23,Ẩm thực,42605,32,0.50%,6647,11.71%,6.00%,Tier 3
CR337,Quỳnh Channel 59,Giải trí,1687661,61,10.36%,536256,9.13%,5.81%,Tier 1
CR338,Hà Studio 79,Thời trang & Làm đẹp,36633,40,22.54%,10045,4.99%,17.22%,Tier 3
CR339,Trang Vlog 70,Công nghệ,2351,32,11.24%,215,10.60%,3.41%,Mass
CR340,Trang Channel 80,Giải trí,19102,26,0.37%,1163,10.98%,2.09%,Tier 3
CR341,Hoàng Review 72,Thời trang & Làm đẹp,40255,53,15.02%,4118,2.89%,17.43%,Tier 3
CR342,Kiên Makeup 64,Du lịch & Đời sống,2034302,8,6.88%,168782,10.90%,13.80%,Tier 2
CR343,Trang Makeup 47,Thời trang & Làm đẹp,27912,33,8.87%,6235,3.47%,8.00%,Tier 3
CR344,Nam Vlog 76,Du lịch & Đời sống,19226,22,13.22%,2506,6.46%,22.14%,Tier 3
CR345,Kiên Channel 36,Thời trang & Làm đẹp,1267707,118,18.54%,316865,5.28%,5.80%,Tier 1
CR346,Kiều Review 14,Thời trang & Làm đẹp,255472,55,16.02%,15016,11.02%,9.11%,Tier 1
CR347,Tuấn Food 54,Ẩm thực,23613,49,5.98%,6140,3.22%,11.96%,Tier 3
CR348,Tuấn Studio 98,Công nghệ,1323488,70,5.57%,140442,6.60%,37.32%,Tier 1
CR349,Bình Tech 43,Ẩm thực,21439,22,12.80%,6436,11.87%,4.63%,Tier 3
CR350,An Channel 58,Công nghệ,63961,57,15.23%,17707,10.91%,12.17%,Tier 2
CR351,Bình Review 82,Giải trí,2859945,15,16.34%,408571,2.32%,28.72%,Tier 2
CR352,Quỳnh Vlog 68,Giải trí,64850,80,12.03%,16158,3.52%,1.92%,Tier 2
CR353,Linh Tv 99,Ẩm thực,1987372,6,16.16%,234517,6.29%,22.51%,Tier 2
CR354,Đức Studio 34,Giáo dục & Kiến thức,1436952,69,22.30%,80637,6.26%,7.55%,Tier 1
CR355,Tuấn Food 87,Giải trí,1238259,92,-0.22%,82568,1.25%,7.63%,Tier 1
CR356,Hoàng Food 26,Thời trang & Làm đẹp,11241,57,4.77%,1029,5.88%,1.45%,Tier 3
CR357,Minh Channel 25,Ẩm thực,33896,50,6.10%,4554,8.94%,27.19%,Tier 3
CR358,Quỳnh Studio 14,Ẩm thực,46284,27,22.56%,12082,3.47%,7.66%,Tier 3
CR359,Nam Channel 71,Du lịch & Đời sống,2047207,9,-1.38%,499766,8.55%,21.12%,Tier 2
CR360,Kiên Review 61,Ẩm thực,86839,61,-4.57%,26014,6.49%,9.73%,Tier 2
CR361,An Food 53,Ẩm thực,35412,43,14.80%,5076,2.84%,17.59%,Tier 3
CR362,Lan Studio 73,Giải trí,2119600,71,18.67%,530879,2.36%,2.35%,Tier 1
CR363,Bình Food 95,Giải trí,4566,22,8.61%,1435,10.24%,19.31%,Mass
CR364,Hoàng Vlog 59,Thời trang & Làm đẹp,14392,27,-1.33%,2625,6.42%,27.83%,Tier 3
CR365,Linh Tv 41,Ẩm thực,8615,33,1.53%,1253,8.50%,5.72%,Mass
CR366,Kiều Official 86,Giáo dục & Kiến thức,46440,32,-2.34%,7736,8.53%,19.28%,Tier 3
CR367,An Tech 60,Du lịch & Đời sống,8705,54,18.79%,1867,1.25%,13.42%,Mass
CR368,Minh Tech 76,Công nghệ,48369,57,17.24%,15530,5.62%,21.32%,Tier 3
CR369,Tuấn Official 43,Du lịch & Đời sống,45370,21,9.82%,7662,7.71%,2.16%,Tier 3
CR370,Bình Official 49,Giáo dục & Kiến thức,13366,19,3.69%,2374,11.10%,3.06%,Tier 3
CR371,An Tech 73,Công nghệ,48455,33,1.65%,8004,2.89%,15.77%,Tier 3
CR372,Hoàng Official 73,Giáo dục & Kiến thức,23331,23,17.87%,5857,8.41%,21.07%,Tier 3
CR373,An Beauty 16,Giáo dục & Kiến thức,1258592,90,13.52%,100860,10.55%,5.70%,Tier 1
CR374,Nam Tech 18,Giáo dục & Kiến thức,21093,60,22.64%,2018,4.20%,7.16%,Tier 3
CR375,Bình Makeup 89,Du lịch & Đời sống,323395,119,10.56%,48609,10.06%,0.73%,Tier 1
CR376,Hoàng Channel 81,Giải trí,1868017,9,14.12%,540756,10.75%,9.42%,Tier 2
CR377,Hà Tips 58,Du lịch & Đời sống,32182,36,8.84%,2170,6.38%,13.73%,Tier 3
CR378,Quỳnh Tv 25,Giải trí,46721,41,5.91%,13192,1.60%,3.45%,Tier 3
CR379,Kiều Vlog 52,Ẩm thực,21524,34,2.60%,5423,9.50%,26.18%,Tier 3
CR380,Hoàng Official 92,Du lịch & Đời sống,38777,23,6.50%,8916,4.10%,22.44%,Tier 3
CR381,Linh Tech 41,Thời trang & Làm đẹp,15805,25,-1.87%,4480,1.98%,4.64%,Tier 3
CR382,Lan Makeup 68,Giải trí,88888,80,14.07%,17970,7.14%,10.01%,Tier 2
CR383,Lan Tips 56,Ẩm thực,12530,34,-3.36%,2172,5.30%,8.99%,Tier 3
CR384,An Tv 37,Ẩm thực,25488,34,13.69%,2972,7.04%,2.09%,Tier 3
CR385,Bình Studio 70,Công nghệ,18976,18,-2.25%,6273,4.08%,3.60%,Tier 3
CR386,Bình Food 73,Công nghệ,38805,40,19.32%,7644,6.87%,8.40%,Tier 3
CR387,Đức Tv 95,Thời trang & Làm đẹp,31542,40,7.68%,10000,4.89%,12.01%,Tier 3
CR388,Đức Tech 52,Giáo dục & Kiến thức,35725,39,-5.02%,8604,9.05%,21.76%,Tier 3
CR389,Kiên Vlog 36,Giải trí,1944844,12,19.89%,298719,8.66%,16.12%,Tier 2
CR390,Kiều Vlog 66,Du lịch & Đời sống,2077,6,3.03%,200,9.96%,20.66%,Mass
CR391,Đức Beauty 44,Ẩm thực,16683,59,3.73%,2449,5.52%,7.71%,Tier 3
CR392,Kiều Tech 73,Thời trang & Làm đẹp,2981678,115,0.46%,728029,2.18%,60.41%,Tier 1
CR393,Kiên Channel 22,Du lịch & Đời sống,31785,60,4.64%,10755,7.47%,5.88%,Tier 3
CR394,An Review 36,Giải trí,24371,34,1.72%,4712,3.47%,13.32%,Tier 3
CR395,Minh Official 15,Giáo dục & Kiến thức,18706,47,11.68%,2950,6.29%,10.33%,Tier 3
CR396,An Studio 49,Giáo dục & Kiến thức,14637,24,15.92%,1288,6.34%,28.75%,Tier 3
CR397,Kiều Studio 65,Giáo dục & Kiến thức,48818,24,3.77%,12356,4.10%,12.74%,Tier 3
CR398,Hà Vlog 21,Du lịch & Đời sống,39330,48,19.01%,6812,8.51%,19.60%,Tier 3
CR399,Hoàng Channel 19,Ẩm thực,39117,51,15.39%,12849,1.52%,7.32%,Tier 3
CR400,Đức Beauty 51,Du lịch & Đời sống,824989,110,2.36%,231725,8.00%,7.04%,Tier 1
CR401,Trang Beauty 12,Ẩm thực,2261484,11,-3.97%,307937,2.50%,28.32%,Tier 2
CR402,Linh Tips 70,Ẩm thực,518427,5,14.30%,34198,7.60%,16.49%,Tier 2
CR403,Bình Studio 78,Công nghệ,34905,27,19.35%,12494,7.76%,29.53%,Tier 3
CR404,Tuấn Official 58,Giải trí,1339487,28,1.82%,455898,6.77%,65.30%,Tier 2
CR405,Trang Makeup 43,Công nghệ,78755,70,0.30%,22761,11.34%,62.09%,Tier 2
CR406,Linh Vlog 82,Thời trang & Làm đẹp,1832358,38,7.64%,97775,11.87%,30.52%,Tier 2
CR407,Kiều Review 94,Giáo dục & Kiến thức,65629,55,6.03%,22669,3.59%,18.07%,Tier 2
CR408,Hà Tv 25,Ẩm thực,35667,31,-0.77%,3435,1.75%,13.70%,Tier 3
CR409,Minh Official 12,Giáo dục & Kiến thức,178874,115,13.61%,21280,10.81%,37.91%,Tier 1
CR410,Lan Review 65,Công nghệ,20863,30,-1.24%,3742,8.18%,2.47%,Tier 3
CR411,Tuấn Official 57,Thời trang & Làm đẹp,3365696,13,21.94%,1083571,11.39%,13.71%,Tier 2
CR412,Linh Tips 61,Giải trí,19529,38,20.37%,5492,4.49%,22.97%,Tier 3
CR413,Quỳnh Food 83,Ẩm thực,99853,29,17.84%,18515,7.64%,13.68%,Tier 2
CR414,Bình Official 12,Du lịch & Đời sống,1392275,8,4.62%,113867,3.57%,24.20%,Tier 2
CR415,Kiên Tv 97,Du lịch & Đời sống,322204,5,17.56%,48412,11.32%,24.46%,Tier 2
CR416,Kiều Vlog 75,Giáo dục & Kiến thức,7122,46,10.16%,382,4.03%,5.29%,Mass
CR417,Tuấn Food 51,Thời trang & Làm đẹp,9987,28,13.02%,2519,8.83%,9.33%,Mass
CR418,An Tips 74,Giáo dục & Kiến thức,27091,52,7.16%,4810,9.77%,29.68%,Tier 3
CR419,An Review 96,Ẩm thực,26609,41,17.11%,8608,7.46%,19.28%,Tier 3
CR420,Lan Studio 77,Du lịch & Đời sống,3128909,12,10.94%,691406,1.37%,29.07%,Tier 2
CR421,Kiên Makeup 82,Du lịch & Đời sống,97619,78,5.21%,16137,11.78%,3.84%,Tier 2
CR422,Trang Official 49,Công nghệ,52172,40,6.82%,16826,1.98%,9.24%,Tier 2
CR423,Linh Beauty 94,Du lịch & Đời sống,42841,19,-4.23%,13155,10.70%,29.91%,Tier 3
CR424,An Tv 87,Du lịch & Đời sống,3295827,112,13.78%,996347,6.63%,71.21%,Tier 1
CR425,Đức Makeup 66,Ẩm thực,9070,14,-5.11%,3106,11.52%,20.05%,Mass
CR426,Minh Tech 21,Ẩm thực,3298094,99,10.27%,697388,4.98%,6.02%,Tier 1
CR427,Hà Makeup 64,Giải trí,36409,39,8.45%,3137,8.34%,26.65%,Tier 3
CR428,Minh Beauty 31,Ẩm thực,21739,18,16.90%,4261,2.14%,7.95%,Tier 3
CR429,Trang Studio 43,Giải trí,74707,51,12.61%,13827,11.79%,19.56%,Tier 2
CR430,Kiên Official 72,Thời trang & Làm đẹp,35220,21,-0.54%,4419,7.81%,6.85%,Tier 3
CR431,Đức Tech 86,Giáo dục & Kiến thức,20677,49,-2.45%,1223,1.52%,21.84%,Tier 3
CR432,Bình Makeup 63,Giải trí,45178,57,16.58%,12253,10.04%,6.08%,Tier 3
CR433,Linh Tv 95,Công nghệ,43169,50,0.07%,3723,11.72%,16.42%,Tier 3
CR434,Trang Makeup 21,Ẩm thực,433788,5,15.57%,47310,6.12%,3.42%,Tier 2
CR435,Nam Studio 99,Giải trí,33021,28,13.28%,2313,6.96%,10.71%,Tier 3
CR436,An Food 86,Giáo dục & Kiến thức,22057,53,10.93%,3847,6.14%,27.37%,Tier 3
CR437,Kiên Channel 66,Ẩm thực,14839,47,3.62%,1064,4.90%,14.04%,Tier 3
CR438,Hà Studio 29,Giải trí,25690,26,-3.88%,4657,10.21%,16.76%,Tier 3
CR439,Đức Official 95,Công nghệ,28601,55,12.38%,6524,10.21%,13.16%,Tier 3
CR440,Kiều Official 14,Ẩm thực,55187,96,4.10%,11426,11.02%,44.51%,Tier 2
CR441,Minh Makeup 57,Du lịch & Đời sống,28098,24,13.81%,1129,11.82%,28.17%,Tier 3
CR442,Nam Tv 26,Giáo dục & Kiến thức,43287,22,11.41%,13615,11.34%,16.81%,Tier 3
CR443,Minh Vlog 19,Giải trí,51572,75,-2.54%,10972,4.37%,18.65%,Tier 2
CR444,An Review 84,Công nghệ,49314,32,14.45%,9083,3.39%,23.11%,Tier 3
CR445,Kiên Tips 36,Du lịch & Đời sống,13436,51,16.95%,1875,10.65%,2.94%,Tier 3
CR446,Linh Makeup 54,Du lịch & Đời sống,1976200,115,-5.03%,116946,3.96%,63.18%,Tier 1
CR447,Kiên Tips 34,Công nghệ,3952,33,20.74%,963,6.25%,21.09%,Mass
CR448,Hoàng Food 66,Giáo dục & Kiến thức,1953383,110,3.91%,304887,4.32%,76.95%,Tier 1
CR449,Bình Tips 98,Công nghệ,46301,59,22.47%,12309,7.71%,4.32%,Tier 3
CR450,Quỳnh Official 33,Du lịch & Đời sống,299048,13,-5.07%,31715,9.59%,25.88%,Tier 2
CR451,Kiên Tv 28,Giải trí,60858,38,8.90%,13771,3.56%,17.93%,Tier 2
CR452,Hà Beauty 57,Thời trang & Làm đẹp,149819,8,7.57%,40623,11.54%,12.94%,Tier 2
CR453,Hoàng Review 25,Công nghệ,2683520,100,22.05%,325214,2.16%,1.20%,Tier 1
CR454,Linh Channel 47,Giải trí,25835,33,10.68%,3577,7.02%,24.61%,Tier 3
CR455,Bình Review 73,Giải trí,15525,28,11.75%,3815,7.20%,20.68%,Tier 3
CR456,Nam Channel 94,Giải trí,74132,52,14.63%,12898,7.29%,11.25%,Tier 2
CR457,Kiều Channel 71,Du lịch & Đời sống,5562,37,16.66%,922,3.99%,6.17%,Mass
CR458,Kiên Food 88,Công nghệ,25589,46,20.87%,2962,6.91%,12.64%,Tier 3
CR459,Đức Makeup 35,Công nghệ,1647184,2,19.04%,352396,9.63%,20.70%,Tier 2
CR460,Đức Tv 23,Công nghệ,39745,60,3.94%,11840,6.51%,24.67%,Tier 3
CR461,Quỳnh Food 34,Thời trang & Làm đẹp,353518,79,6.53%,82692,9.40%,7.48%,Tier 1
CR462,Hoàng Tips 71,Giáo dục & Kiến thức,38165,45,0.57%,6897,3.56%,8.79%,Tier 3
CR463,An Makeup 27,Giải trí,52055,35,6.95%,6349,7.76%,18.39%,Tier 2
CR464,Kiên Channel 12,Giáo dục & Kiến thức,599186,3,16.62%,67742,8.86%,29.20%,Tier 2
CR465,Linh Food 73,Công nghệ,1159880,80,7.46%,339633,10.99%,51.35%,Tier 1
CR466,Kiên Channel 92,Giáo dục & Kiến thức,1309181,12,8.60%,176730,5.86%,24.38%,Tier 2
CR467,Nam Vlog 62,Ẩm thực,29198,23,11.38%,10079,4.77%,20.17%,Tier 3
CR468,Đức Studio 96,Giải trí,36318,50,18.36%,10505,1.34%,6.22%,Tier 3
CR469,Kiên Tips 52,Công nghệ,12846,34,19.31%,3712,8.36%,1.95%,Tier 3
CR470,An Beauty 94,Ẩm thực,5908,31,8.08%,1378,4.10%,2.55%,Mass
CR471,Đức Review 32,Du lịch & Đời sống,34442,31,22.33%,1921,7.82%,18.74%,Tier 3
CR472,Bình Tech 75,Thời trang & Làm đẹp,47657,35,12.42%,8523,2.84%,5.71%,Tier 3
CR473,Trang Food 76,Ẩm thực,550782,6,8.95%,177856,6.97%,7.93%,Tier 2
CR474,Hà Beauty 92,Giáo dục & Kiến thức,34859,47,4.14%,5593,5.88%,17.22%,Tier 3
CR475,Kiên Tips 78,Du lịch & Đời sống,923436,6,6.98%,56270,10.36%,23.49%,Tier 2
CR476,An Makeup 25,Công nghệ,62202,73,11.37%,12185,6.67%,18.12%,Tier 2
CR477,Hà Official 21,Giáo dục & Kiến thức,11649,36,15.52%,1577,11.72%,29.64%,Tier 3
CR478,Nam Official 41,Giáo dục & Kiến thức,15306,60,14.99%,3952,2.93%,3.75%,Tier 3
CR479,Minh Official 25,Giải trí,33043,30,1.38%,2213,2.56%,28.60%,Tier 3
CR480,An Studio 50,Ẩm thực,61001,78,16.13%,6921,7.47%,12.75%,Tier 2
CR481,Tuấn Review 97,Du lịch & Đời sống,1557,29,11.96%,233,5.39%,0.70%,Mass
CR482,Kiên Tips 92,Giáo dục & Kiến thức,5183,59,17.69%,548,9.34%,18.72%,Mass
CR483,Hoàng Review 68,Du lịch & Đời sống,2671200,2,3.56%,591870,2.05%,23.25%,Tier 2
CR484,An Beauty 82,Giáo dục & Kiến thức,845788,5,5.87%,268622,6.38%,18.19%,Tier 2
CR485,An Food 92,Công nghệ,5354,60,6.25%,1127,10.31%,24.52%,Mass
CR486,Lan Tv 11,Giải trí,388113,83,13.56%,37442,7.74%,74.51%,Tier 1
CR487,Kiều Tips 85,Giáo dục & Kiến thức,33672,32,0.21%,9033,9.20%,29.10%,Tier 3
CR488,Minh Tv 87,Giải trí,21748,16,16.07%,5958,2.61%,13.77%,Tier 3
CR489,Nam Review 39,Công nghệ,44238,51,11.06%,3430,5.71%,24.59%,Tier 3
CR490,Tuấn Food 42,Thời trang & Làm đẹp,73969,59,19.22%,14722,10.75%,17.29%,Tier 2
CR491,Bình Studio 34,Thời trang & Làm đẹp,2065742,49,3.22%,429275,3.89%,38.51%,Tier 1
CR492,Hoàng Food 88,Giáo dục & Kiến thức,30283,21,-1.25%,9234,2.03%,23.60%,Tier 3
CR493,Bình Tech 23,Giải trí,125683,50,7.00%,23159,7.32%,43.98%,Tier 1
CR494,Hoàng Review 91,Ẩm thực,39451,21,22.16%,6590,7.70%,23.29%,Tier 3
CR495,Kiều Official 77,Thời trang & Làm đẹp,23627,17,17.13%,1660,1.86%,28.94%,Tier 3
CR496,Kiên Studio 77,Giải trí,88545,40,21.35%,19532,2.69%,4.92%,Tier 2
CR497,Quỳnh Review 92,Công nghệ,25572,60,22.78%,7945,9.43%,16.90%,Tier 3
CR498,Bình Tech 21,Công nghệ,2389785,2,4.79%,157218,9.72%,18.65%,Tier 2
CR499,Minh Channel 27,Ẩm thực,41959,18,-1.69%,2182,1.55%,28.21%,Tier 3
CR500,Đức Studio 67,Ẩm thực,30667,54,5.07%,8909,7.05%,10.54%,Tier 3
CR501,Lan Tips 83,Giải trí,36703,42,-4.14%,3727,7.04%,4.33%,Tier 3
CR502,An Makeup 32,Ẩm thực,53827,38,17.39%,2982,6.13%,8.46%,Tier 2
CR503,Lan Vlog 90,Công nghệ,30221,38,1.39%,6939,11.54%,2.58%,Tier 3
CR504,Lan Official 14,Công nghệ,22467,49,14.80%,1950,10.50%,4.77%,Tier 3
CR505,Tuấn Makeup 74,Giải trí,1778,33,5.79%,488,6.01%,17.15%,Mass
CR506,Linh Beauty 40,Du lịch & Đời sống,47711,47,0.90%,13260,9.89%,29.21%,Tier 3
CR507,Đức Vlog 78,Giải trí,9657,40,15.30%,2467,5.42%,10.52%,Mass
CR508,Hà Makeup 77,Công nghệ,6182,40,0.56%,1130,2.72%,23.29%,Mass
CR509,Đức Review 66,Ẩm thực,37561,24,-1.35%,6760,5.17%,7.26%,Tier 3
CR510,Quỳnh Vlog 29,Du lịch & Đời sống,25646,37,-4.71%,5381,7.50%,29.62%,Tier 3
CR511,Minh Tv 90,Công nghệ,43462,28,22.39%,9849,5.25%,1.60%,Tier 3
CR512,Trang Makeup 36,Thời trang & Làm đẹp,45372,31,10.43%,7476,2.51%,2.20%,Tier 3
CR513,Lan Makeup 77,Giáo dục & Kiến thức,2550405,67,-1.98%,453543,4.37%,47.67%,Tier 1
CR514,Minh Studio 59,Giải trí,18729,51,8.39%,5308,4.43%,15.29%,Tier 3
CR515,Quỳnh Review 27,Thời trang & Làm đẹp,11374,30,18.06%,3622,8.93%,15.90%,Tier 3
CR516,Tuấn Tv 84,Giáo dục & Kiến thức,2072,3,0.03%,200,4.29%,24.25%,Mass
CR517,An Vlog 95,Du lịch & Đời sống,45249,37,0.30%,7665,5.41%,8.23%,Tier 3
CR518,Kiều Studio 49,Giáo dục & Kiến thức,89651,30,22.56%,26331,11.83%,0.05%,Tier 2
CR519,Quỳnh Vlog 37,Giáo dục & Kiến thức,71013,41,5.96%,16187,6.93%,12.54%,Tier 2
CR520,Bình Channel 49,Ẩm thực,2203775,2,3.28%,521019,2.87%,16.48%,Tier 2
CR521,Nam Food 87,Ẩm thực,65325,60,-0.39%,10721,5.16%,6.54%,Tier 2
CR522,Bình Food 76,Giải trí,48117,40,22.25%,16187,2.34%,75.79%,Tier 3
CR523,An Tech 64,Giáo dục & Kiến thức,200791,69,18.63%,57753,11.06%,4.14%,Tier 1
CR524,Tuấn Beauty 20,Giải trí,1981676,44,0.97%,115483,3.99%,79.04%,Tier 2
CR525,Trang Tech 63,Ẩm thực,26529,48,21.26%,2248,6.57%,29.66%,Tier 3
CR526,Hoàng Official 83,Ẩm thực,1034198,112,21.63%,53090,9.38%,36.55%,Tier 1
CR527,Quỳnh Vlog 43,Ẩm thực,15286,35,0.76%,4781,5.30%,29.68%,Tier 3
CR528,Nam Food 18,Thời trang & Làm đẹp,27045,18,16.48%,7810,8.95%,6.48%,Tier 3
CR529,An Studio 65,Du lịch & Đời sống,2236238,92,7.40%,158074,5.58%,30.35%,Tier 1
CR530,Trang Beauty 40,Công nghệ,3442135,47,1.71%,1129305,9.10%,63.38%,Tier 2
CR531,Linh Tips 99,Giải trí,38533,59,10.37%,4123,4.91%,5.63%,Tier 3
CR532,Linh Tv 53,Ẩm thực,46665,59,5.34%,13874,1.25%,9.91%,Tier 3
CR533,An Vlog 29,Du lịch & Đời sống,14430,46,-4.12%,2372,2.77%,11.17%,Tier 3
CR534,Kiều Tips 27,Du lịch & Đời sống,35731,51,-2.01%,9603,3.28%,26.54%,Tier 3
CR535,Lan Studio 66,Du lịch & Đời sống,17523,59,22.27%,1594,7.08%,25.29%,Tier 3
CR536,Tuấn Studio 56,Giải trí,71079,79,15.38%,17528,10.51%,10.31%,Tier 2
CR537,Nam Studio 83,Ẩm thực,67569,55,20.13%,14058,5.39%,7.89%,Tier 2
CR538,Linh Official 79,Ẩm thực,44764,57,6.91%,10589,1.27%,17.42%,Tier 3
CR539,An Food 86,Giải trí,3981,13,8.84%,1096,8.96%,5.33%,Mass
CR540,Kiên Vlog 95,Du lịch & Đời sống,20710,21,11.62%,3375,7.50%,14.67%,Tier 3
CR541,Bình Makeup 42,Giải trí,29468,22,16.52%,6450,4.14%,27.25%,Tier 3
CR542,Tuấn Official 71,Giáo dục & Kiến thức,62619,69,20.32%,5251,10.70%,13.47%,Tier 2
CR543,Đức Channel 94,Thời trang & Làm đẹp,3270277,55,3.71%,678528,7.15%,70.16%,Tier 1
CR544,Nam Tv 12,Giải trí,43387,60,-3.24%,10694,3.07%,21.36%,Tier 3
CR545,An Makeup 13,Thời trang & Làm đẹp,83822,57,-5.08%,22383,8.56%,5.89%,Tier 2
CR546,Trang Beauty 75,Du lịch & Đời sống,15617,34,20.95%,4209,6.62%,29.42%,Tier 3
CR547,Đức Channel 19,Giáo dục & Kiến thức,3338418,7,19.18%,536521,8.39%,9.51%,Tier 2
CR548,Hoàng Studio 44,Du lịch & Đời sống,42407,40,13.20%,7046,5.46%,4.28%,Tier 3
CR549,An Channel 12,Giải trí,33852,29,22.58%,2579,1.52%,25.76%,Tier 3
CR550,Hà Tech 81,Giáo dục & Kiến thức,87080,35,6.68%,29595,10.72%,3.61%,Tier 2
CR551,Tuấn Review 33,Thời trang & Làm đẹp,1258424,7,8.28%,133433,5.73%,14.94%,Tier 2
CR552,Quỳnh Food 73,Thời trang & Làm đẹp,45761,38,21.87%,11977,8.19%,16.82%,Tier 3
CR553,Trang Tech 36,Công nghệ,41752,25,5.22%,14319,1.51%,21.00%,Tier 3
CR554,Kiên Food 96,Công nghệ,31327,51,8.42%,4986,6.05%,28.39%,Tier 3
CR555,Đức Food 51,Du lịch & Đời sống,19426,41,-1.48%,5190,5.09%,6.26%,Tier 3
CR556,An Tv 28,Giáo dục & Kiến thức,19249,48,-4.49%,1492,6.96%,6.63%,Tier 3
CR557,Linh Tips 10,Ẩm thực,57861,68,20.21%,13342,5.85%,14.46%,Tier 2
CR558,Bình Tips 24,Công nghệ,30583,22,5.29%,6304,2.72%,19.61%,Tier 3
CR559,Lan Official 55,Công nghệ,5053,11,5.10%,993,1.71%,26.24%,Mass
CR560,Quỳnh Channel 38,Thời trang & Làm đẹp,47528,37,14.09%,3643,4.67%,14.30%,Tier 3
CR561,Quỳnh Tech 24,Giáo dục & Kiến thức,15674,30,-1.14%,3676,9.17%,14.38%,Tier 3
CR562,Kiên Tech 17,Ẩm thực,24698,33,2.01%,3541,1.23%,16.62%,Tier 3
CR563,An Tech 43,Giải trí,85401,77,-0.99%,20730,10.13%,13.46%,Tier 2
CR564,An Official 76,Du lịch & Đời sống,42754,58,20.27%,5586,9.10%,23.75%,Tier 3
CR565,Kiều Makeup 60,Công nghệ,27946,50,-1.55%,6078,5.42%,21.35%,Tier 3
CR566,Kiên Official 68,Giải trí,21875,56,6.38%,1553,5.06%,20.22%,Tier 3
CR567,An Tv 69,Ẩm thực,3609,8,15.15%,214,5.26%,12.60%,Mass
CR568,Hoàng Studio 40,Ẩm thực,12047,22,15.60%,1738,5.84%,24.20%,Tier 3
CR569,Đức Food 73,Thời trang & Làm đẹp,27268,51,-1.38%,1669,4.99%,13.08%,Tier 3
CR570,Tuấn Official 76,Công nghệ,3047,28,-0.47%,200,10.78%,29.67%,Mass
CR571,Hà Makeup 63,Ẩm thực,1064855,111,17.71%,199860,9.59%,0.67%,Tier 1
CR572,An Official 88,Thời trang & Làm đẹp,2166917,65,17.40%,231417,4.78%,0.30%,Tier 1
CR573,Bình Tv 87,Công nghệ,86241,69,5.90%,14350,9.84%,4.36%,Tier 2
CR574,An Channel 36,Ẩm thực,22201,33,11.63%,1551,2.51%,7.53%,Tier 3
CR575,Minh Review 33,Ẩm thực,2354862,112,22.70%,636729,6.98%,9.57%,Tier 1
CR576,Lan Tech 12,Công nghệ,1993,38,12.63%,554,3.84%,11.00%,Mass
CR577,Hà Studio 35,Giáo dục & Kiến thức,49643,55,9.90%,14215,3.14%,29.46%,Tier 3
CR578,Hoàng Official 16,Thời trang & Làm đẹp,29219,31,10.69%,5679,1.74%,5.85%,Tier 3
CR579,Trang Tips 64,Ẩm thực,32209,25,19.86%,4566,4.36%,23.85%,Tier 3
CR580,Kiên Beauty 97,Thời trang & Làm đẹp,1952397,107,-3.10%,423997,11.06%,58.08%,Tier 1
CR581,Đức Review 34,Công nghệ,14985,28,6.12%,2825,8.44%,5.34%,Tier 3
CR582,Minh Tv 73,Công nghệ,18994,43,-0.38%,5325,3.64%,14.76%,Tier 3
CR583,An Review 69,Giáo dục & Kiến thức,46749,18,6.03%,16665,1.81%,2.74%,Tier 3
CR584,Kiều Review 73,Thời trang & Làm đẹp,3233217,34,14.15%,291401,6.95%,35.66%,Tier 2
CR585,Bình Tv 92,Thời trang & Làm đẹp,1236246,12,10.93%,184315,11.45%,5.11%,Tier 2
CR586,Lan Makeup 44,Giải trí,95512,51,8.07%,7852,6.47%,3.08%,Tier 2
CR587,Đức Studio 35,Du lịch & Đời sống,52504,37,2.90%,11523,8.34%,1.61%,Tier 2
CR588,Bình Tv 11,Công nghệ,12723,55,8.01%,3624,11.76%,24.96%,Tier 3
CR589,Tuấn Beauty 62,Du lịch & Đời sống,28631,51,1.01%,4384,3.96%,5.58%,Tier 3
CR590,Lan Beauty 35,Giáo dục & Kiến thức,47551,26,21.84%,11317,6.82%,29.96%,Tier 3
CR591,Linh Tech 84,Thời trang & Làm đẹp,25156,21,14.37%,7500,5.77%,28.81%,Tier 3
CR592,Linh Tv 10,Giải trí,25028,59,5.72%,1401,7.99%,24.54%,Tier 3
CR593,An Food 82,Thời trang & Làm đẹp,2220976,66,20.88%,195993,5.00%,58.94%,Tier 1
CR594,Bình Tips 70,Ẩm thực,41494,47,14.84%,11344,2.96%,18.87%,Tier 3
CR595,Bình Tv 41,Ẩm thực,11521,29,-1.09%,3969,6.30%,28.44%,Tier 3
CR596,Trang Vlog 92,Công nghệ,57442,57,21.30%,4993,6.15%,4.00%,Tier 2
CR597,Lan Vlog 40,Thời trang & Làm đẹp,36457,46,-1.37%,5642,6.45%,1.30%,Tier 3
CR598,Trang Official 75,Du lịch & Đời sống,1620723,84,17.02%,162203,11.72%,4.44%,Tier 1
CR599,Lan Tips 45,Giải trí,6210,14,-1.08%,689,10.48%,20.10%,Mass
CR600,An Food 14,Thời trang & Làm đẹp,91060,63,6.19%,23919,11.25%,3.84%,Tier 2
CR601,Linh Studio 12,Giáo dục & Kiến thức,1801347,42,-2.08%,372902,4.36%,36.87%,Tier 2
CR602,Lan Makeup 79,Công nghệ,5710,18,15.56%,1950,11.05%,0.82%,Mass
CR603,Trang Beauty 18,Công nghệ,43053,38,-4.00%,6268,7.46%,28.86%,Tier 3
CR604,Quỳnh Vlog 17,Thời trang & Làm đẹp,72936,79,12.11%,14654,8.24%,6.77%,Tier 2
CR605,Lan Food 11,Ẩm thực,315739,7,6.53%,20990,2.30%,1.52%,Tier 2
CR606,Kiều Tv 92,Du lịch & Đời sống,52546,56,7.39%,8426,2.84%,3.85%,Tier 2
CR607,Kiên Studio 29,Du lịch & Đời sống,94813,60,-3.56%,27745,6.02%,18.94%,Tier 2
CR608,Trang Makeup 31,Công nghệ,24472,23,-2.87%,4680,7.95%,12.77%,Tier 3
CR609,Linh Beauty 36,Ẩm thực,4755,12,18.16%,1331,6.77%,27.99%,Mass
CR610,Trang Food 34,Du lịch & Đời sống,21662,25,18.30%,6348,1.26%,4.07%,Tier 3
CR611,An Tech 46,Ẩm thực,29074,42,5.78%,5763,6.63%,5.79%,Tier 3
CR612,Trang Tv 21,Giải trí,31302,25,18.47%,8839,10.38%,17.18%,Tier 3
CR613,Quỳnh Review 34,Thời trang & Làm đẹp,3322898,13,9.45%,1067085,6.87%,14.75%,Tier 2
CR614,Quỳnh Food 43,Công nghệ,15303,47,4.31%,725,10.24%,10.49%,Tier 3
CR615,Trang Vlog 30,Du lịch & Đời sống,3905,6,-3.56%,387,7.86%,7.82%,Mass
CR616,Kiều Official 34,Du lịch & Đời sống,1028514,56,7.74%,320460,4.70%,9.89%,Tier 1
CR617,Trang Food 59,Công nghệ,23418,16,5.73%,2980,4.35%,19.56%,Tier 3
CR618,Tuấn Vlog 42,Giải trí,5276,27,5.23%,1194,2.22%,4.91%,Mass
CR619,Bình Vlog 64,Giải trí,34880,60,9.41%,2814,2.43%,7.51%,Tier 3
CR620,Đức Tech 58,Thời trang & Làm đẹp,99351,57,13.36%,25787,6.66%,10.48%,Tier 2
CR621,Quỳnh Food 50,Du lịch & Đời sống,22773,25,17.93%,5720,5.14%,16.42%,Tier 3
CR622,Linh Channel 77,Ẩm thực,45522,28,8.88%,13340,7.50%,4.38%,Tier 3
CR623,Hà Vlog 79,Du lịch & Đời sống,2127062,59,4.19%,743322,11.10%,67.68%,Tier 1
CR624,Bình Official 38,Giải trí,11841,52,21.71%,2978,10.34%,5.47%,Tier 3
CR625,Hoàng Tech 73,Giải trí,3447678,10,7.65%,1073633,7.81%,24.51%,Tier 2
CR626,Tuấn Makeup 29,Du lịch & Đời sống,4314,17,10.52%,1097,4.93%,25.24%,Mass
CR627,Kiều Vlog 61,Ẩm thực,12312,39,-0.64%,1270,7.34%,3.63%,Tier 3
CR628,Hà Studio 78,Giải trí,1879323,74,0.44%,554345,2.56%,3.80%,Tier 1
CR629,Đức Studio 45,Thời trang & Làm đẹp,19128,25,15.50%,4601,2.58%,24.51%,Tier 3
CR630,Hà Beauty 90,Giải trí,1841299,5,10.65%,256131,1.83%,20.77%,Tier 2
CR631,Trang Official 58,Giáo dục & Kiến thức,42219,35,17.58%,6403,8.97%,12.81%,Tier 3
CR632,Kiên Tv 87,Giáo dục & Kiến thức,19462,45,17.77%,2000,4.96%,20.57%,Tier 3
CR633,Quỳnh Vlog 87,Giáo dục & Kiến thức,2797442,91,2.65%,223274,1.60%,53.70%,Tier 1
CR634,Kiều Food 31,Ẩm thực,5955,22,21.93%,1026,7.61%,12.05%,Mass
CR635,Hà Tv 75,Giải trí,44807,51,4.27%,12756,10.84%,29.89%,Tier 3
CR636,Kiên Beauty 29,Ẩm thực,36799,17,7.02%,5121,4.40%,26.89%,Tier 3
CR637,Minh Review 43,Giải trí,3181565,9,5.82%,1001073,1.23%,17.97%,Tier 2
CR638,Hoàng Tech 85,Du lịch & Đời sống,64950,76,19.40%,12564,1.90%,10.84%,Tier 2
CR639,Lan Channel 97,Ẩm thực,6178,47,-0.23%,721,11.16%,2.52%,Mass
CR640,Nam Makeup 28,Công nghệ,37251,16,7.59%,2639,8.89%,21.24%,Tier 3
CR641,Tuấn Official 94,Giải trí,11896,20,18.29%,1266,2.82%,9.14%,Tier 3
CR642,Lan Tv 20,Giải trí,27220,59,0.76%,4232,1.79%,11.92%,Tier 3
CR643,Kiều Review 74,Du lịch & Đời sống,31080,41,11.80%,10327,4.74%,3.43%,Tier 3
CR644,Linh Review 65,Thời trang & Làm đẹp,25484,47,3.16%,2410,10.95%,18.64%,Tier 3
CR645,An Vlog 95,Giáo dục & Kiến thức,9117,38,10.21%,2823,8.24%,3.63%,Mass
CR646,Hà Tips 65,Ẩm thực,11411,44,16.87%,3373,1.67%,24.81%,Tier 3
CR647,Tuấn Official 76,Ẩm thực,84067,72,0.76%,12515,9.03%,14.45%,Tier 2
CR648,Kiên Studio 55,Ẩm thực,95727,47,19.98%,20106,9.32%,0.21%,Tier 2
CR649,Hoàng Review 86,Du lịch & Đời sống,26789,51,19.44%,7879,7.68%,2.23%,Tier 3
CR650,Quỳnh Tv 79,Ẩm thực,17044,29,17.03%,3086,4.02%,19.78%,Tier 3
CR651,Quỳnh Official 54,Du lịch & Đời sống,24055,42,-3.48%,2993,5.61%,5.81%,Tier 3
CR652,Linh Channel 77,Công nghệ,8569,46,5.82%,1820,10.00%,29.28%,Mass
CR653,Lan Tips 11,Giải trí,43944,41,9.95%,9026,5.41%,1.62%,Tier 3
CR654,Tuấn Food 37,Du lịch & Đời sống,66069,80,1.67%,18007,8.20%,5.10%,Tier 2
CR655,Trang Beauty 50,Giải trí,542099,93,12.81%,41491,4.17%,3.62%,Tier 1
CR656,Trang Official 53,Thời trang & Làm đẹp,24398,36,-2.78%,4822,8.53%,25.41%,Tier 3
CR657,Lan Channel 40,Giải trí,92047,56,12.45%,9626,6.53%,12.88%,Tier 2
CR658,Nam Tv 43,Thời trang & Làm đẹp,37024,56,5.16%,8642,3.00%,8.98%,Tier 3
CR659,An Tv 80,Du lịch & Đời sống,2790404,1,-4.59%,380291,5.48%,5.56%,Tier 2
CR660,Lan Tips 81,Du lịch & Đời sống,2274642,6,-0.78%,357282,6.02%,24.85%,Tier 2
CR661,Hà Tips 64,Du lịch & Đời sống,98495,49,7.25%,21964,3.74%,4.86%,Tier 2
CR662,Hà Makeup 82,Công nghệ,305854,65,9.91%,46802,5.91%,32.45%,Tier 1
CR663,Linh Beauty 31,Giải trí,33139,60,8.91%,8033,2.60%,6.64%,Tier 3
CR664,Tuấn Beauty 95,Công nghệ,2172762,42,2.06%,447309,1.32%,48.96%,Tier 2
CR665,Hoàng Vlog 93,Du lịch & Đời sống,47487,59,10.66%,2440,7.54%,18.21%,Tier 3
CR666,Bình Vlog 14,Giáo dục & Kiến thức,5726,23,6.07%,2257,1.93%,18.11%,Mass
CR667,Tuấn Official 28,Công nghệ,47345,58,-3.01%,12475,3.25%,11.78%,Tier 3
CR668,Quỳnh Beauty 74,Giải trí,445310,111,21.51%,97210,4.86%,69.93%,Tier 1
CR669,Trang Tips 62,Giáo dục & Kiến thức,1670304,8,0.05%,457912,10.89%,2.14%,Tier 2
CR670,Minh Beauty 27,Thời trang & Làm đẹp,13946,49,15.84%,4650,5.68%,3.59%,Tier 3
CR671,An Channel 95,Giáo dục & Kiến thức,25440,36,7.30%,2065,2.92%,21.51%,Tier 3
CR672,Quỳnh Official 68,Ẩm thực,906588,9,2.11%,164401,6.30%,13.76%,Tier 2
CR673,Nam Beauty 77,Du lịch & Đời sống,33489,17,5.35%,2524,8.95%,11.20%,Tier 3
CR674,Quỳnh Tips 30,Ẩm thực,37432,51,-4.62%,8247,1.50%,23.22%,Tier 3
CR675,Lan Studio 61,Giáo dục & Kiến thức,39075,31,14.79%,7552,4.57%,11.85%,Tier 3
CR676,Hoàng Channel 58,Giáo dục & Kiến thức,5118,11,14.45%,2157,2.74%,11.97%,Mass
CR677,Trang Tv 98,Giải trí,559695,6,10.93%,91765,2.13%,16.01%,Tier 2
CR678,Hà Studio 96,Ẩm thực,91127,47,10.27%,7140,5.01%,9.22%,Tier 2
CR679,Kiên Review 97,Du lịch & Đời sống,11358,28,2.60%,3366,9.25%,15.55%,Tier 3
CR680,Kiều Tech 14,Giải trí,1372214,7,-2.60%,79505,4.36%,6.70%,Tier 2
CR681,Trang Studio 15,Ẩm thực,73360,35,6.69%,17684,10.37%,11.63%,Tier 2
CR682,Nam Beauty 97,Giáo dục & Kiến thức,2448083,1,-0.75%,786137,3.18%,7.09%,Tier 2
CR683,Linh Food 10,Du lịch & Đời sống,50303,39,10.44%,9698,10.14%,15.92%,Tier 2
CR684,Hoàng Studio 87,Ẩm thực,8018,44,6.84%,2219,9.83%,4.84%,Mass
CR685,Kiều Vlog 77,Giáo dục & Kiến thức,40422,44,2.73%,6262,5.71%,11.43%,Tier 3
CR686,Hà Food 19,Du lịch & Đời sống,32317,31,3.95%,8610,3.51%,15.39%,Tier 3
CR687,Linh Food 58,Giáo dục & Kiến thức,11925,27,-0.17%,1135,4.87%,5.93%,Tier 3
CR688,Linh Review 20,Công nghệ,31609,31,17.09%,10420,9.58%,4.92%,Tier 3
CR689,Hoàng Tips 54,Công nghệ,13442,22,5.66%,3295,9.65%,22.20%,Tier 3
CR690,Lan Tv 78,Giải trí,23980,31,14.55%,4367,10.83%,1.97%,Tier 3
CR691,Quỳnh Beauty 79,Thời trang & Làm đẹp,39747,25,21.08%,2260,11.68%,28.42%,Tier 3
CR692,Hoàng Tech 56,Thời trang & Làm đẹp,418148,14,11.84%,33699,3.83%,4.95%,Tier 2
CR693,Kiên Official 81,Giải trí,31092,44,5.79%,3324,8.36%,3.19%,Tier 3
CR694,Đức Tv 38,Công nghệ,6676,10,16.08%,1880,3.51%,10.73%,Mass
CR695,Lan Food 94,Giải trí,31781,28,19.05%,3744,4.48%,19.47%,Tier 3
CR696,Bình Tips 81,Du lịch & Đời sống,12599,49,21.90%,2472,4.87%,29.15%,Tier 3
CR697,An Studio 96,Thời trang & Làm đẹp,6176,24,14.81%,936,1.25%,16.50%,Mass
CR698,Nam Makeup 15,Giải trí,4412,1,-4.54%,619,9.22%,4.40%,Mass
CR699,Trang Tv 97,Giáo dục & Kiến thức,880578,38,11.00%,193145,11.32%,72.99%,Tier 2
CR700,Bình Beauty 98,Du lịch & Đời sống,1262276,4,10.06%,291206,3.58%,9.94%,Tier 2
CR701,Minh Studio 92,Công nghệ,42266,46,8.50%,4324,5.30%,21.13%,Tier 3
CR702,Nam Tech 56,Giải trí,25452,45,6.92%,8100,11.47%,26.01%,Tier 3
CR703,Kiên Review 47,Giải trí,684130,102,12.88%,207949,7.95%,7.13%,Tier 1
CR704,Bình Makeup 44,Thời trang & Làm đẹp,1179467,82,7.87%,320472,3.90%,36.63%,Tier 1
CR705,Nam Food 41,Du lịch & Đời sống,3100605,11,3.37%,629381,3.80%,23.79%,Tier 2
CR706,Bình Vlog 90,Ẩm thực,39894,37,-3.61%,1890,10.97%,9.71%,Tier 3
CR707,Quỳnh Tv 85,Công nghệ,2865367,7,0.44%,803794,5.87%,28.02%,Tier 2
CR708,Đức Tv 46,Giải trí,40936,16,20.27%,12375,4.72%,15.27%,Tier 3
CR709,Minh Review 25,Giáo dục & Kiến thức,11604,18,21.53%,2502,7.36%,15.00%,Tier 3
CR710,Kiên Beauty 56,Giáo dục & Kiến thức,31173,39,0.63%,10629,7.65%,15.01%,Tier 3
CR711,Tuấn Tv 26,Thời trang & Làm đẹp,24467,39,6.38%,5755,2.86%,8.03%,Tier 3
CR712,Kiều Official 41,Thời trang & Làm đẹp,36629,30,-4.97%,4163,6.73%,9.95%,Tier 3
CR713,Bình Studio 34,Du lịch & Đời sống,839432,83,1.65%,43060,10.42%,1.71%,Tier 1
CR714,Hà Tech 37,Du lịch & Đời sống,38488,19,-1.95%,8679,11.15%,13.68%,Tier 3
CR715,Bình Vlog 27,Công nghệ,135618,67,2.03%,8470,6.20%,56.80%,Tier 1
CR716,Đức Tv 90,Giải trí,66220,69,-2.47%,9638,10.09%,9.29%,Tier 2
CR717,Kiều Makeup 49,Giải trí,23865,16,14.24%,2180,4.73%,2.50%,Tier 3
CR718,Trang Tech 44,Ẩm thực,35873,21,14.69%,5046,9.32%,18.76%,Tier 3
CR719,Tuấn Makeup 86,Giáo dục & Kiến thức,28416,40,22.62%,4631,4.31%,12.00%,Tier 3
CR720,An Food 11,Giải trí,33799,60,7.39%,5907,1.43%,0.39%,Tier 3
CR721,Linh Tv 81,Du lịch & Đời sống,78353,36,4.59%,19166,8.15%,16.21%,Tier 2
CR722,Nam Channel 94,Giáo dục & Kiến thức,671273,75,8.43%,151648,4.21%,74.21%,Tier 1
CR723,Hoàng Food 35,Giải trí,822189,7,5.73%,164750,2.45%,8.44%,Tier 2
CR724,Nam Vlog 19,Thời trang & Làm đẹp,843565,52,4.27%,154679,4.55%,40.43%,Tier 1
CR725,Kiều Beauty 75,Du lịch & Đời sống,3310,8,1.21%,639,3.99%,27.45%,Mass
CR726,Kiều Tech 80,Giáo dục & Kiến thức,3326349,72,-3.87%,192327,11.50%,75.55%,Tier 1
CR727,Kiều Food 54,Công nghệ,12685,41,-0.41%,1173,9.89%,6.43%,Tier 3
CR728,Minh Channel 46,Ẩm thực,13879,60,1.19%,1744,3.12%,1.30%,Tier 3
CR729,Minh Makeup 71,Công nghệ,36035,16,6.10%,6029,7.35%,9.44%,Tier 3
CR730,Trang Official 30,Công nghệ,189476,14,13.95%,22493,7.96%,10.73%,Tier 2
CR731,Kiên Makeup 17,Ẩm thực,14489,34,14.07%,2030,8.69%,2.86%,Tier 3
CR732,Trang Tech 29,Giáo dục & Kiến thức,1718464,73,2.45%,504181,8.90%,53.90%,Tier 1
CR733,Hoàng Food 49,Giải trí,52814,68,-2.82%,17248,4.78%,3.68%,Tier 2
CR734,Quỳnh Review 33,Giải trí,29819,55,5.48%,1616,3.27%,20.35%,Tier 3
CR735,Tuấn Review 75,Giải trí,447267,12,2.59%,116692,11.01%,8.73%,Tier 2
CR736,Nam Channel 89,Giải trí,2647,44,20.81%,344,2.25%,10.39%,Mass
CR737,Lan Vlog 54,Du lịch & Đời sống,36464,47,11.75%,8915,6.43%,20.26%,Tier 3
CR738,Kiều Vlog 59,Giải trí,50946,57,-5.06%,4842,5.93%,4.42%,Tier 2
CR739,Linh Tips 51,Du lịch & Đời sống,1834,13,12.60%,535,9.12%,22.55%,Mass
CR740,Quỳnh Vlog 80,Ẩm thực,12260,46,9.67%,2914,4.37%,3.82%,Tier 3
CR741,Quỳnh Makeup 63,Giải trí,32453,27,21.57%,5063,2.75%,29.36%,Tier 3
CR742,Nam Beauty 52,Ẩm thực,2902197,49,21.85%,1003785,5.41%,75.82%,Tier 1
CR743,Hà Vlog 84,Giải trí,11764,48,10.36%,720,2.93%,17.15%,Tier 3
CR744,Kiều Food 58,Du lịch & Đời sống,7292,29,4.46%,2664,7.72%,23.05%,Mass
CR745,Hoàng Tips 41,Thời trang & Làm đẹp,3101465,120,15.37%,649720,6.23%,9.56%,Tier 1
CR746,Hoàng Tech 31,Giáo dục & Kiến thức,5828,59,22.08%,1265,2.63%,14.90%,Mass
CR747,Tuấn Tech 50,Công nghệ,29300,40,17.25%,5568,2.73%,21.76%,Tier 3
CR748,Hoàng Food 55,Ẩm thực,500700,85,-1.68%,25537,4.57%,78.48%,Tier 1
CR749,Lan Vlog 53,Công nghệ,440827,7,-4.61%,57547,6.27%,17.75%,Tier 2
CR750,Tuấn Studio 97,Công nghệ,33780,42,5.12%,10820,6.11%,17.84%,Tier 3
CR751,Kiều Studio 51,Giáo dục & Kiến thức,1387085,45,21.53%,85402,7.07%,59.53%,Tier 2
CR752,Tuấn Beauty 27,Giáo dục & Kiến thức,2990742,109,9.69%,968408,4.24%,3.26%,Tier 1
CR753,Kiều Makeup 98,Giải trí,24897,43,-1.47%,1776,4.74%,26.97%,Tier 3
CR754,Nam Makeup 20,Ẩm thực,352299,67,22.17%,107638,9.82%,40.45%,Tier 1
CR755,Minh Beauty 25,Ẩm thực,10542,58,1.37%,2857,5.77%,17.62%,Tier 3
CR756,Bình Tech 18,Công nghệ,38059,47,15.89%,3203,10.70%,8.29%,Tier 3
CR757,Tuấn Official 74,Giáo dục & Kiến thức,44134,46,8.88%,9807,2.06%,4.18%,Tier 3
CR758,Đức Tech 73,Công nghệ,3455027,36,7.78%,246532,2.24%,33.08%,Tier 2
CR759,Minh Studio 78,Ẩm thực,2408,58,14.97%,747,4.75%,24.33%,Mass
CR760,Kiên Vlog 36,Giải trí,381090,3,7.93%,82932,1.35%,26.64%,Tier 2
CR761,An Food 44,Thời trang & Làm đẹp,70923,74,21.34%,7788,8.78%,6.85%,Tier 2
CR762,Linh Studio 94,Giáo dục & Kiến thức,3500,31,5.93%,1046,7.97%,13.09%,Mass
CR763,Hoàng Tech 24,Giải trí,46676,21,17.21%,11612,4.36%,29.34%,Tier 3
CR764,Kiên Vlog 18,Ẩm thực,47209,17,15.59%,9656,7.85%,4.13%,Tier 3
CR765,An Makeup 39,Công nghệ,27428,42,20.86%,8229,9.47%,25.80%,Tier 3
CR766,Kiều Tv 42,Giải trí,46709,36,13.22%,14849,2.88%,23.25%,Tier 3
CR767,Nam Studio 26,Thời trang & Làm đẹp,2869711,119,11.03%,201309,8.34%,4.93%,Tier 1
CR768,Hà Official 92,Du lịch & Đời sống,28001,38,4.36%,5815,6.63%,17.11%,Tier 3
CR769,Kiều Makeup 13,Công nghệ,29296,20,8.79%,1977,10.96%,18.19%,Tier 3
CR770,Bình Tips 68,Giải trí,28493,2,-4.43%,2800,11.17%,8.92%,Mass
CR771,An Tech 75,Ẩm thực,23853,34,18.58%,3537,9.26%,7.15%,Tier 3
CR772,Nam Official 20,Công nghệ,97676,30,18.13%,25333,3.15%,11.17%,Tier 2
CR773,An Official 31,Giáo dục & Kiến thức,75782,40,9.81%,13265,8.41%,4.73%,Tier 2
CR774,Lan Beauty 49,Ẩm thực,15129,45,15.92%,1236,2.46%,12.22%,Tier 3
CR775,Trang Channel 90,Giáo dục & Kiến thức,41135,16,3.89%,9291,5.87%,2.69%,Tier 3
CR776,An Vlog 89,Thời trang & Làm đẹp,39511,55,16.78%,10490,6.14%,11.30%,Tier 3
CR777,Nam Official 65,Thời trang & Làm đẹp,29517,53,11.39%,8996,3.55%,27.07%,Tier 3
CR778,Bình Beauty 61,Công nghệ,2469381,76,9.21%,249362,4.76%,8.03%,Tier 1
CR779,Kiều Studio 85,Ẩm thực,95219,35,7.22%,14420,7.34%,10.22%,Tier 2
CR780,Tuấn Studio 79,Công nghệ,3193326,91,13.16%,502565,4.35%,75.34%,Tier 1
CR781,An Food 18,Giáo dục & Kiến thức,9959,28,11.50%,1907,11.09%,21.45%,Mass
CR782,Lan Tv 16,Du lịch & Đời sống,752271,10,-0.62%,139881,1.79%,7.73%,Tier 2
CR783,Nam Makeup 73,Du lịch & Đời sống,44441,48,18.36%,4463,5.24%,24.70%,Tier 3
CR784,Hà Channel 36,Du lịch & Đời sống,2277774,80,-2.62%,163291,7.69%,79.62%,Tier 1
CR785,Tuấn Tech 88,Du lịch & Đời sống,3381486,80,4.79%,1157799,2.41%,8.33%,Tier 1
CR786,Nam Food 85,Ẩm thực,35346,60,19.28%,3143,11.68%,20.15%,Tier 3
CR787,Hà Tips 22,Giải trí,16658,45,10.16%,6117,2.74%,10.28%,Tier 3
CR788,Hà Food 52,Du lịch & Đời sống,60005,66,12.07%,18895,10.57%,10.41%,Tier 2
CR789,An Tips 83,Du lịch & Đời sống,46830,34,2.82%,9837,11.66%,12.16%,Tier 3
CR790,Minh Tech 24,Ẩm thực,22323,48,17.31%,6671,5.05%,8.27%,Tier 3
CR791,Kiên Channel 65,Du lịch & Đời sống,21936,31,19.46%,2406,10.47%,18.08%,Tier 3
CR792,Đức Beauty 39,Ẩm thực,26918,23,17.66%,2023,5.29%,17.92%,Tier 3
CR793,Kiều Review 41,Giáo dục & Kiến thức,1730366,4,9.50%,320532,1.95%,18.93%,Tier 2
CR794,Đức Official 19,Du lịch & Đời sống,2909,24,-2.46%,642,11.08%,28.34%,Mass
CR795,Kiều Channel 38,Du lịch & Đời sống,24318,30,-0.78%,7476,2.43%,1.79%,Tier 3
CR796,Đức Vlog 13,Du lịch & Đời sống,2525,56,-3.70%,200,5.16%,21.23%,Mass
CR797,Quỳnh Official 65,Giáo dục & Kiến thức,30355,56,13.80%,1800,9.02%,1.61%,Tier 3
CR798,Nam Tv 89,Du lịch & Đời sống,37683,33,22.27%,10647,5.78%,18.65%,Tier 3
CR799,Tuấn Beauty 91,Giáo dục & Kiến thức,28701,57,15.08%,9221,5.43%,0.65%,Tier 3
CR800,Trang Tv 55,Giải trí,2579,52,-3.49%,959,8.00%,29.92%,Mass
CR801,Quỳnh Tv 58,Công nghệ,1044232,68,17.85%,193325,7.61%,3.79%,Tier 1
CR802,Tuấn Official 23,Du lịch & Đời sống,310208,6,11.12%,34627,3.19%,21.26%,Tier 2
CR803,Hà Tips 23,Công nghệ,1074577,105,13.64%,320083,7.04%,9.68%,Tier 1
CR804,Tuấn Review 60,Du lịch & Đời sống,14751,17,13.42%,3705,3.69%,7.22%,Tier 3
CR805,Trang Tips 84,Du lịch & Đời sống,2457,45,1.88%,1131,10.55%,16.08%,Mass
CR806,Hà Vlog 69,Công nghệ,403411,7,13.55%,82613,8.66%,2.71%,Tier 2
CR807,Minh Studio 23,Giáo dục & Kiến thức,1007212,2,-1.30%,221898,4.84%,25.08%,Tier 2
CR808,Hà Review 10,Ẩm thực,37300,47,6.04%,6067,7.30%,10.29%,Tier 3
CR809,Hà Makeup 60,Thời trang & Làm đẹp,2380476,1,10.76%,687424,8.61%,18.54%,Tier 2
CR810,Đức Makeup 92,Thời trang & Làm đẹp,25078,35,0.02%,7887,9.85%,3.65%,Tier 3
CR811,Kiên Review 67,Giải trí,2273533,90,22.58%,511352,1.32%,40.98%,Tier 1
CR812,Lan Studio 47,Công nghệ,34045,57,2.54%,10300,10.16%,26.21%,Tier 3
CR813,Đức Vlog 51,Công nghệ,12114,53,14.18%,869,8.47%,23.14%,Tier 3
CR814,Bình Makeup 10,Giải trí,14589,24,-4.59%,882,6.54%,3.71%,Tier 3
CR815,Trang Channel 62,Thời trang & Làm đẹp,2132140,3,15.20%,649382,11.24%,21.84%,Tier 2
CR816,Hoàng Makeup 28,Thời trang & Làm đẹp,751252,10,19.07%,249098,4.58%,17.70%,Tier 2
CR817,Quỳnh Studio 94,Công nghệ,171704,6,8.45%,34138,6.94%,15.04%,Tier 2
CR818,Trang Official 52,Giải trí,8954,49,15.74%,1022,3.64%,22.65%,Mass
CR819,Tuấn Official 35,Du lịch & Đời sống,12366,60,18.48%,2067,3.58%,12.18%,Tier 3
CR820,Kiên Tips 63,Giải trí,12145,56,1.57%,2849,7.54%,5.75%,Tier 3
CR821,Lan Official 58,Giáo dục & Kiến thức,4808,5,6.59%,290,6.49%,3.44%,Mass
CR822,Nam Vlog 42,Giáo dục & Kiến thức,92685,68,13.03%,29319,1.40%,4.53%,Tier 2
CR823,Bình Studio 99,Giáo dục & Kiến thức,45213,31,10.36%,10111,5.44%,6.74%,Tier 3
CR824,Trang Tech 57,Thời trang & Làm đẹp,404774,52,20.69%,72916,5.98%,7.25%,Tier 1
CR825,Hà Beauty 76,Ẩm thực,1512924,111,5.80%,215901,9.02%,69.32%,Tier 1
CR826,Lan Tips 29,Giải trí,68960,29,-3.94%,13640,7.82%,18.88%,Tier 2
CR827,Hoàng Studio 67,Giáo dục & Kiến thức,2429,47,-3.43%,1045,7.40%,0.24%,Mass
CR828,Đức Official 56,Giải trí,4185,16,13.44%,661,2.04%,4.58%,Mass
CR829,Hà Tips 11,Du lịch & Đời sống,26013,33,8.26%,6354,9.66%,0.63%,Tier 3
CR830,Hà Beauty 60,Giáo dục & Kiến thức,5162,40,3.00%,958,7.78%,20.09%,Mass
CR831,An Beauty 85,Giải trí,2572292,1,-4.34%,654748,4.72%,14.90%,Tier 2
CR832,Quỳnh Vlog 25,Giáo dục & Kiến thức,86990,57,14.59%,8734,6.18%,12.56%,Tier 2
CR833,Hà Tech 13,Ẩm thực,31107,28,18.19%,8211,1.25%,14.54%,Tier 3
CR834,Linh Beauty 77,Giải trí,2944734,14,2.77%,411851,3.14%,29.10%,Tier 2
CR835,Kiều Tech 18,Giải trí,17402,19,-1.16%,1915,10.67%,25.52%,Tier 3
CR836,Minh Food 25,Du lịch & Đời sống,33610,23,11.97%,7041,3.94%,11.21%,Tier 3
CR837,Lan Studio 69,Ẩm thực,34999,48,12.82%,10034,7.72%,9.27%,Tier 3
CR838,Hoàng Studio 82,Giải trí,45383,54,12.50%,9769,7.44%,18.76%,Tier 3
CR839,Trang Beauty 18,Du lịch & Đời sống,15729,59,10.16%,3386,9.51%,0.31%,Tier 3
CR840,Lan Tv 44,Giải trí,88422,59,8.51%,8574,9.42%,16.38%,Tier 2
CR841,Tuấn Studio 83,Giải trí,98487,50,-1.83%,28443,10.24%,7.87%,Tier 2
CR842,Tuấn Official 16,Giải trí,13964,53,19.61%,2040,11.55%,11.53%,Tier 3
CR843,Kiên Studio 19,Du lịch & Đời sống,90587,64,21.95%,20002,8.59%,18.88%,Tier 2
CR844,Tuấn Studio 54,Du lịch & Đời sống,79629,35,18.60%,24297,7.42%,19.00%,Tier 2
CR845,Minh Studio 51,Thời trang & Làm đẹp,26903,39,21.55%,1600,10.25%,21.89%,Tier 3
CR846,Quỳnh Makeup 50,Giáo dục & Kiến thức,70310,63,3.47%,23925,8.04%,3.28%,Tier 2
CR847,Minh Tv 18,Ẩm thực,11381,55,20.31%,2826,6.21%,10.24%,Tier 3
CR848,Minh Tips 93,Giải trí,48742,18,3.62%,8883,6.44%,26.09%,Tier 3
CR849,Minh Tv 29,Giáo dục & Kiến thức,81135,41,-3.45%,14187,2.60%,16.01%,Tier 2
CR850,Hà Vlog 61,Công nghệ,43714,45,8.14%,5573,10.84%,0.13%,Tier 3
CR851,Bình Review 46,Ẩm thực,18458,51,10.34%,6407,11.67%,17.36%,Tier 3
CR852,Bình Vlog 61,Thời trang & Làm đẹp,37146,76,5.38%,6311,9.97%,47.21%,Tier 3
CR853,Minh Food 16,Giáo dục & Kiến thức,50535,60,15.66%,13335,2.58%,18.42%,Tier 2
CR854,Lan Review 26,Giải trí,597301,32,-3.84%,186180,5.28%,35.48%,Tier 2
CR855,Linh Tips 60,Giải trí,36468,29,2.49%,3507,8.81%,3.07%,Tier 3
CR856,Kiên Makeup 28,Công nghệ,19642,38,20.90%,4391,3.92%,6.92%,Tier 3
CR857,Đức Official 57,Giáo dục & Kiến thức,42506,32,15.11%,15158,11.80%,18.63%,Tier 3
CR858,Hoàng Channel 64,Giáo dục & Kiến thức,660738,85,19.36%,205873,11.83%,46.14%,Tier 1
CR859,Lan Food 33,Du lịch & Đời sống,1791397,117,3.19%,621696,2.87%,44.12%,Tier 1
CR860,Linh Official 60,Công nghệ,67546,53,5.64%,18133,3.28%,3.25%,Tier 2
CR861,Nam Review 65,Du lịch & Đời sống,16936,18,13.77%,5821,11.21%,0.63%,Tier 3
CR862,Nam Studio 22,Thời trang & Làm đẹp,11600,57,-4.81%,1404,3.01%,1.81%,Tier 3
CR863,Minh Food 24,Giáo dục & Kiến thức,90333,78,-3.86%,24273,10.62%,8.56%,Tier 2
CR864,Trang Channel 76,Giáo dục & Kiến thức,68557,68,-3.45%,3942,9.80%,14.79%,Tier 2
CR865,Lan Makeup 85,Ẩm thực,2756181,92,18.18%,162353,5.16%,59.21%,Tier 1
CR866,Đức Vlog 17,Du lịch & Đời sống,1884785,3,13.12%,130221,1.35%,16.19%,Tier 2
CR867,Lan Tips 53,Giải trí,39784,38,4.31%,2129,2.86%,8.81%,Tier 3
CR868,Hà Review 63,Du lịch & Đời sống,43529,35,0.26%,4122,3.08%,11.97%,Tier 3
CR869,Hà Tips 23,Thời trang & Làm đẹp,21957,31,17.03%,3300,11.71%,20.63%,Tier 3
CR870,Bình Official 54,Giải trí,10641,39,-1.53%,2045,3.29%,4.23%,Tier 3
CR871,Kiên Tech 88,Công nghệ,88859,80,18.11%,7562,7.86%,19.81%,Tier 2
CR872,Kiều Channel 87,Giải trí,1935,12,14.89%,535,10.90%,14.99%,Mass
CR873,Quỳnh Tech 84,Giải trí,97508,61,12.14%,8725,10.05%,7.16%,Tier 2
CR874,Nam Food 56,Công nghệ,1386952,1,17.48%,441506,10.85%,21.28%,Tier 2
CR875,Lan Studio 33,Du lịch & Đời sống,21706,42,4.41%,5975,2.40%,4.85%,Tier 3
CR876,Đức Tech 77,Thời trang & Làm đẹp,25284,33,4.88%,5916,4.16%,5.79%,Tier 3
CR877,Linh Tech 87,Công nghệ,2333084,46,22.30%,572436,6.48%,34.22%,Tier 2
CR878,Nam Tech 76,Giáo dục & Kiến thức,9051,12,6.22%,1180,3.18%,3.69%,Mass
CR879,An Official 95,Giáo dục & Kiến thức,9929,38,19.74%,2932,11.33%,9.35%,Mass
CR880,Lan Tips 43,Du lịch & Đời sống,81837,34,11.81%,6972,11.59%,7.03%,Tier 2
CR881,Đức Official 76,Giải trí,51246,36,5.67%,7477,4.77%,15.01%,Tier 2
CR882,Kiều Tv 75,Du lịch & Đời sống,42402,53,-2.97%,4376,1.90%,3.46%,Tier 3
CR883,Trang Beauty 93,Giải trí,1449327,53,8.86%,126275,6.18%,47.97%,Tier 1
CR884,Tuấn Beauty 98,Thời trang & Làm đẹp,24326,16,2.32%,2092,2.09%,13.89%,Tier 3
CR885,Trang Food 48,Du lịch & Đời sống,90406,72,3.05%,30941,3.47%,11.95%,Tier 2
CR886,Linh Tech 87,Giải trí,2807121,84,7.35%,673574,11.27%,69.76%,Tier 1
CR887,Đức Channel 44,Du lịch & Đời sống,43866,33,12.97%,2612,11.34%,17.43%,Tier 3
CR888,Đức Tech 34,Du lịch & Đời sống,33342,23,2.98%,2870,10.32%,4.47%,Tier 3
CR889,Hà Food 63,Giáo dục & Kiến thức,45372,33,3.07%,5685,10.09%,25.31%,Tier 3
CR890,Đức Studio 90,Thời trang & Làm đẹp,75353,57,0.37%,8066,7.84%,19.78%,Tier 2
CR891,Hoàng Makeup 48,Thời trang & Làm đẹp,1248439,105,11.56%,97041,11.62%,3.98%,Tier 1
CR892,Kiều Tips 86,Công nghệ,41686,43,3.41%,8948,6.85%,17.26%,Tier 3
CR893,Quỳnh Official 65,Ẩm thực,1850928,9,20.03%,109659,11.89%,23.72%,Tier 2
CR894,Linh Channel 54,Giáo dục & Kiến thức,18610,40,22.59%,4203,5.90%,1.53%,Tier 3
CR895,Minh Official 99,Ẩm thực,1738616,110,1.05%,500358,6.43%,49.21%,Tier 1
CR896,Hà Food 45,Giải trí,41844,52,-2.15%,8029,2.85%,27.94%,Tier 3
CR897,Minh Channel 51,Ẩm thực,29263,35,19.59%,1643,7.79%,9.15%,Tier 3
CR898,Tuấn Makeup 42,Ẩm thực,43950,54,2.54%,4424,5.03%,21.31%,Tier 3
CR899,Hoàng Makeup 16,Giải trí,1453898,75,18.33%,288805,6.91%,38.80%,Tier 1
CR900,Đức Tv 29,Thời trang & Làm đẹp,55468,39,6.38%,16045,8.79%,5.03%,Tier 2
CR901,Quỳnh Makeup 33,Ẩm thực,14756,21,7.60%,4735,4.24%,19.58%,Tier 3
CR902,Linh Studio 96,Ẩm thực,2822890,86,18.82%,374671,7.73%,33.42%,Tier 1
CR903,Nam Beauty 37,Ẩm thực,28635,32,7.58%,8863,9.77%,15.49%,Tier 3
CR904,Linh Studio 89,Giáo dục & Kiến thức,23851,44,14.62%,6345,10.48%,3.62%,Tier 3
CR905,Kiên Beauty 44,Du lịch & Đời sống,10060,36,0.56%,2896,11.54%,11.53%,Tier 3
CR906,Nam Beauty 84,Giải trí,1465222,9,11.67%,419163,5.95%,4.65%,Tier 2
CR907,Nam Beauty 37,Giáo dục & Kiến thức,84666,64,4.62%,15938,7.86%,13.71%,Tier 2
CR908,Linh Vlog 50,Công nghệ,11341,34,19.86%,2151,8.23%,12.43%,Tier 3
CR909,Minh Vlog 65,Thời trang & Làm đẹp,18808,56,14.45%,2431,5.45%,23.79%,Tier 3
CR910,Kiều Beauty 79,Công nghệ,3185040,50,0.67%,480368,10.16%,64.52%,Tier 1
CR911,Minh Tech 51,Giáo dục & Kiến thức,2333038,8,-0.70%,388224,8.02%,14.00%,Tier 2
CR912,An Food 81,Giải trí,1504499,5,10.32%,383477,3.38%,12.05%,Tier 2
CR913,Nam Official 98,Công nghệ,80817,57,19.13%,4638,9.57%,19.19%,Tier 2
CR914,An Vlog 17,Giải trí,2687638,2,-2.66%,502997,8.23%,28.99%,Tier 2
CR915,Nam Tv 71,Công nghệ,2669923,108,14.13%,585813,3.11%,79.50%,Tier 1
CR916,Kiều Channel 31,Ẩm thực,41186,29,13.65%,3750,6.10%,11.02%,Tier 3
CR917,Bình Tips 34,Ẩm thực,48653,51,16.08%,14766,8.76%,21.31%,Tier 3
CR918,Linh Makeup 27,Thời trang & Làm đẹp,463825,5,16.36%,93321,6.53%,7.15%,Tier 2
CR919,Hà Tech 52,Thời trang & Làm đẹp,2943,35,4.02%,1432,5.02%,24.08%,Mass
CR920,Kiều Vlog 31,Giáo dục & Kiến thức,17011,48,5.55%,2526,4.25%,18.39%,Tier 3
CR921,Kiều Channel 14,Giải trí,33541,46,-1.14%,4862,3.11%,28.85%,Tier 3
CR922,An Beauty 39,Ẩm thực,27960,13,16.07%,2291,6.72%,11.31%,Mass
CR923,Kiên Channel 75,Thời trang & Làm đẹp,33956,50,9.62%,11277,6.98%,9.44%,Tier 3
CR924,An Channel 26,Du lịch & Đời sống,17301,50,3.49%,1087,9.20%,1.89%,Tier 3
CR925,Đức Tips 76,Du lịch & Đời sống,14905,44,14.14%,1045,8.71%,23.88%,Tier 3
CR926,Trang Food 74,Công nghệ,2683896,51,6.06%,633403,6.30%,73.90%,Tier 1
CR927,Đức Studio 66,Giải trí,15894,19,8.38%,4501,10.76%,29.45%,Tier 3
CR928,Đức Channel 50,Công nghệ,1226749,85,13.35%,144778,10.25%,39.29%,Tier 1
CR929,Tuấn Tips 52,Ẩm thực,81601,48,-3.91%,14669,4.55%,13.53%,Tier 2
CR930,Hà Tech 26,Công nghệ,16040,16,14.85%,3148,3.70%,15.64%,Tier 3
CR931,Kiều Channel 63,Công nghệ,99567,69,8.32%,5426,5.48%,17.68%,Tier 2
CR932,Nam Official 97,Ẩm thực,4335,35,4.14%,200,2.81%,24.50%,Mass
CR933,Tuấn Vlog 53,Ẩm thực,22797,34,-0.66%,5633,8.98%,18.89%,Tier 3
CR934,Kiều Channel 88,Thời trang & Làm đẹp,1572746,8,10.15%,216514,10.54%,10.83%,Tier 2
CR935,Linh Review 78,Thời trang & Làm đẹp,2806283,4,10.66%,368028,3.80%,6.50%,Tier 2
CR936,Tuấn Channel 34,Thời trang & Làm đẹp,4966,17,-1.32%,885,11.51%,21.62%,Mass
CR937,Lan Review 96,Thời trang & Làm đẹp,29972,48,16.72%,6570,11.21%,6.43%,Tier 3
CR938,Tuấn Tv 67,Du lịch & Đời sống,44499,43,18.04%,9645,10.97%,12.09%,Tier 3
CR939,Kiên Tech 10,Ẩm thực,26105,26,-3.99%,6715,6.84%,13.73%,Tier 3
CR940,An Food 24,Ẩm thực,26177,48,-2.40%,3492,5.10%,19.38%,Tier 3
CR941,Trang Food 32,Giáo dục & Kiến thức,1772,33,19.29%,200,6.07%,1.36%,Mass
CR942,Tuấn Food 37,Ẩm thực,16120,20,17.24%,1141,9.79%,7.87%,Tier 3
CR943,Hà Food 80,Giải trí,11496,32,15.59%,2798,8.92%,23.37%,Tier 3
CR944,Bình Vlog 25,Giáo dục & Kiến thức,2456886,86,12.05%,305668,3.72%,39.52%,Tier 1
CR945,Trang Makeup 23,Ẩm thực,63914,50,-0.40%,10993,3.40%,6.11%,Tier 2
CR946,Trang Tech 49,Ẩm thực,94911,56,-2.62%,11443,9.56%,0.23%,Tier 2
CR947,Lan Tv 97,Giải trí,13120,2,9.68%,1867,4.91%,8.25%,Mass
CR948,Đức Tech 91,Ẩm thực,48510,46,15.44%,8336,9.68%,1.37%,Tier 3
CR949,Minh Food 32,Ẩm thực,17020,29,-2.20%,2659,9.64%,0.92%,Tier 3
CR950,Tuấn Tech 88,Thời trang & Làm đẹp,17567,57,18.74%,3434,5.14%,18.93%,Tier 3
CR951,Kiều Food 13,Thời trang & Làm đẹp,82028,65,13.56%,19946,3.71%,2.23%,Tier 2
CR952,Tuấn Official 33,Công nghệ,126658,5,-2.03%,33454,6.42%,26.86%,Tier 2
CR953,Kiên Review 86,Ẩm thực,78011,46,15.97%,21770,11.26%,11.26%,Tier 2
CR954,Kiều Review 89,Du lịch & Đời sống,47166,17,-3.72%,5992,10.18%,4.00%,Tier 3
CR955,Minh Beauty 10,Giải trí,11819,39,17.99%,2110,7.73%,7.53%,Tier 3
CR956,Minh Tips 26,Du lịch & Đời sống,10837,46,-0.53%,2950,7.99%,5.94%,Tier 3
CR957,Lan Tech 99,Ẩm thực,46709,49,-0.26%,7996,10.61%,12.09%,Tier 3
CR958,Kiên Tv 47,Thời trang & Làm đẹp,23380,59,5.83%,4542,4.79%,5.58%,Tier 3
CR959,Quỳnh Channel 65,Ẩm thực,17246,18,18.37%,5210,4.71%,21.08%,Tier 3
CR960,Hoàng Beauty 86,Giải trí,815653,55,17.36%,243258,2.46%,8.75%,Tier 1
CR961,Hoàng Vlog 88,Công nghệ,359612,57,18.29%,78628,8.51%,7.72%,Tier 1
CR962,Kiên Tv 25,Du lịch & Đời sống,292844,3,7.70%,45150,6.38%,26.91%,Tier 2
CR963,Lan Channel 44,Công nghệ,3209323,10,15.83%,199153,7.84%,6.21%,Tier 2
CR964,Tuấn Channel 62,Du lịch & Đời sống,3077238,99,0.52%,864864,3.25%,36.84%,Tier 1
CR965,Nam Channel 16,Ẩm thực,33323,16,14.21%,4804,4.73%,6.95%,Tier 3
CR966,Linh Food 99,Ẩm thực,78381,50,17.54%,23681,10.78%,13.60%,Tier 2
CR967,Trang Makeup 22,Giáo dục & Kiến thức,58050,71,10.72%,11097,8.58%,9.68%,Tier 2
CR968,Kiên Channel 35,Ẩm thực,74501,68,20.87%,7343,3.38%,4.82%,Tier 2
CR969,Kiên Tv 43,Thời trang & Làm đẹp,47093,33,8.14%,15054,1.86%,9.22%,Tier 3
CR970,Linh Makeup 92,Giải trí,48334,25,8.33%,5128,7.71%,27.59%,Tier 3
CR971,An Vlog 70,Ẩm thực,45260,29,0.70%,13585,9.07%,20.64%,Tier 3
CR972,Minh Official 44,Công nghệ,963938,19,10.44%,124137,7.96%,54.96%,Tier 2
CR973,An Official 45,Giải trí,3316435,62,17.18%,600070,11.83%,63.94%,Tier 1
CR974,Tuấn Tech 43,Du lịch & Đời sống,21362,57,5.40%,6659,2.99%,22.21%,Tier 3
CR975,Linh Makeup 68,Du lịch & Đời sống,88421,33,-1.27%,25319,1.47%,17.73%,Tier 2
CR976,Linh Vlog 89,Thời trang & Làm đẹp,1915895,3,-1.90%,494393,5.86%,16.83%,Tier 2
CR977,Đức Makeup 90,Thời trang & Làm đẹp,82315,74,7.78%,15858,2.35%,2.24%,Tier 2
CR978,Đức Channel 37,Thời trang & Làm đẹp,45524,35,11.90%,11900,5.39%,16.67%,Tier 3
CR979,Linh Official 29,Du lịch & Đời sống,52053,47,4.73%,9844,9.96%,18.44%,Tier 2
CR980,Tuấn Channel 62,Du lịch & Đời sống,1941252,82,7.31%,200482,6.47%,9.27%,Tier 1
CR981,Đức Beauty 29,Du lịch & Đời sống,73032,64,19.14%,9265,3.90%,5.57%,Tier 2
CR982,Hà Tv 88,Giáo dục & Kiến thức,3227,51,21.64%,1048,4.39%,23.50%,Mass
CR983,Đức Food 45,Thời trang & Làm đẹp,1297245,65,0.98%,395847,5.43%,1.88%,Tier 1
CR984,An Food 25,Giải trí,32203,22,17.81%,3378,8.75%,3.52%,Tier 3
CR985,Đức Studio 99,Ẩm thực,96317,46,2.00%,24558,5.00%,3.57%,Tier 2
CR986,Bình Review 25,Giải trí,30040,35,12.61%,9627,10.20%,9.21%,Tier 3
CR987,Lan Beauty 54,Ẩm thực,99263,67,19.11%,9500,4.65%,3.20%,Tier 2
CR988,Lan Official 51,Ẩm thực,2313056,35,6.72%,411513,8.65%,61.95%,Tier 2
CR989,Kiên Tips 25,Giải trí,31501,59,15.29%,2302,7.20%,14.50%,Tier 3
CR990,Linh Official 90,Du lịch & Đời sống,78704,33,18.46%,27271,6.63%,11.29%,Tier 2
CR991,Hà Vlog 51,Giải trí,29510,25,3.55%,4942,11.72%,5.22%,Tier 3
CR992,Kiều Beauty 71,Công nghệ,23566,55,-2.27%,2077,5.17%,28.38%,Tier 3
CR993,Bình Tech 92,Giáo dục & Kiến thức,19119,27,21.50%,3603,6.67%,29.49%,Tier 3
CR994,Kiều Tech 20,Công nghệ,40909,31,19.05%,4149,2.97%,6.14%,Tier 3
CR995,An Studio 78,Giải trí,441859,8,14.28%,70051,3.79%,28.18%,Tier 2
CR996,An Makeup 73,Giáo dục & Kiến thức,39940,19,5.56%,9670,1.73%,12.41%,Tier 3
CR997,Lan Official 87,Du lịch & Đời sống,1869274,104,-2.80%,373974,3.50%,43.92%,Tier 1
CR998,Tuấn Studio 30,Ẩm thực,16759,45,3.90%,2932,9.82%,28.72%,Tier 3
CR999,Bình Vlog 61,Thời trang & Làm đẹp,2277721,103,8.08%,318233,6.09%,2.25%,Tier 1
CR1000,Hoàng Beauty 65,Ẩm thực,98796,31,14.32%,12077,10.89%,4.86%,Tier 2
